sku,type,name
C-BBCD,simple,BB Cream - Dark
C-BBCL,simple,BB Cream - Light
C-BBCM,simple,BB Cream - Med
C-BBCT,simple,BB Cream - Tan
C-GG152,simple,Zodiac
C-GG153,simple,Neptune
C-GG154,simple,Luna
C-GG155,simple,SpaceSuit
C-GG156,simple,Solar
C-GG159,simple,OuterSpace
C-GG158,simple,Earth
C-GG157,simple,Venus
C-GG160,simple,Pluto
C-LL4500-LIQDSTNDP,simple,4500 - All Natural
C-LL4502-LIQDSTNDP,simple,4502 - Angel
C-LL4501-LIQDSTNDP,simple,4501 - Dream
C-LL4503-LIQDSTNDP,simple,4503 - Pink Pop
C-LL4504-LIQDSTNDP,simple,4504 - Love Bite
C-LL4505-LIQDSTNDP,simple,Charmed
C-LL4507-LIQDSTNDP,simple,Black Berry
C-LL4508-LIQDSTNDP,simple,Dream Girl
C-LL4509-LIQDSTNDP,simple,4509 Fall In Love
C-LL4510-LIQDSTNDP,simple,Hot Lips
C-LL4511-LIQDSTNDP,simple,Kiss Me
C-LL4512-LIQDSTNDP,simple,Shocking Pink
C-LL4513-LIQDSTNDP,simple,Gorgeous (Satin)
C-LL4514-LIQDSTNDP,simple,Bam Bam (Satin)
C-LL4515-LIQDSTNDP,simple,Snob (Satin)
C-LL4516-LIQDSTNDP,simple,4516 - Liquid Lipstick - Amorous (Satin) - Stnd P
C-LL4517-LIQDSTNDP,simple,Pebbles (Satin)
C-LL4518-LIQDSTNDP,simple,Soul Mate
C-LL4519-LIQDSTNDP,simple,Blue Moon
C-LL4520-LIQDSTNDP,simple,Paradise Blue
C-LL4521-LIQDSTNDP,simple,4521 - Scandalous
C-LL4522-LIQDSTNDP,simple,4522 - Spell Bond
C-LL4523-LIQDSTNDP,simple,4523 - Black
C-LL4524-LIQDSTNDP,simple,4524 - Grey
C-LL4525-LIQDSTNDP,simple,4525 - Tangerine Queen
C-LL4526-LIQDSTNDP,simple,4526 - Speechless
C-LL4527-LIQDSTNDP,simple,4527 - Fearless
C-LL4528-LIQDSTNDP,simple,4528 - Stylish Girl
C-LL4529-LIQDSTNDP,simple,4529 - Fashionable
C-LL4530-LIQDSTNDP,simple,4530 - Hunter
C-LL4531-LIQDSTNDP,simple,4531 - Sugar Plum
C-LL4532-LIQDSTNDP,simple,4532 - City Girl
C-LL4533-LIQDSTNDP,simple,4533 - Funtime
C-LL4534-LIQDSTNDP,simple,4534 - Shallow Orchid
C-LL4535-LIQDSTNDP,simple,4535 - Stunner
C-LL4536-LIQDSTNDP,simple,4536 - Aphrodite
C-LL4537-LIQDSTNDP,simple,4537 - Twitch
C-LL4538-LIQDSTNDP,simple,4538 - Hypnotised
C-LL4539-LIQDSTNDP,simple,4539 - Loving Red
C-LL4540-LIQDSTNDP,simple,4540 - Bonfire
C-LL4541-LIQDSTNDP,simple,4541 - Delighted
C-LL4542-LIQDSTNDP,simple,4542 - Shy Girl
C-LL4543-LIQDSTNDP,simple,4543 - Adore
C-LL4544-LIQDSTNDP,simple,Liquid Lipstick Lavish
C-LL4545-LIQDSTNDP,simple,Posh
C-LL4546-LIQDSTNDP,simple,4546 - Nebula
C-LL4547-LIQDSTNDP,simple,4547 - Sin City
C-LL4548-LIQDSTNDP,simple,4548 - Baby Spice
C-LL4549-LIQDSTNDP,simple,4549 - Supernova
C-LL4550-LIQDSTNDP,simple,4550 - Fawn
C-LL4551-LIQDSTNDP,simple,4551 - Seoul
C-LL4552-LIQDSTNDP,simple,Sunlit
C-LL4553-LIQDSTNDP,simple,Wicked Coral
C-LL4554-LIQDSTNDP,simple,4554 - Be In Love
C-LL4555-LIQDSTNDP,simple,4555 - Mauve Ideal
C-LL4556-LIQDSTNDP,simple,Defined
C-LL4557-LIQDSTNDP,simple,Hope
C-LL4558-LIQDSTNDP,simple,4558 - Spicy Red
C-LL4559-LIQDSTNDP,simple,Jamm
C-LL4560-LIQDSTNDP,simple,4560 - Kingdom
C-LL4561-LIQDSTNDP,simple,Marvelous
C-LL4562-LIQDSTNDP,simple,Fortune
C-LL4563-LIQDSTNDP,simple,Azure
C-LL4564-LIQDSTNDP,simple,Aqua
C-LL4565-LIQDSTNDP,simple,Royal Blue
C-LL4566-LIQDSTNDP,simple,Indigo
C-LL4567-LIQDSTNDP,simple,Heartbeat
C-LL4568-LIQDSTNDP,simple,Pedal
C-LL4569-LIQDSTNDP,simple,Forest
C-LL4570-LIQDSTNDP,simple,Pucker Up
C-LL4571-LIQDSTNDP,simple,Catwalk
C-LL4572-LIQDSTNDP,simple,Wow
C-LL4573-LIQDSTNDP,simple,Teal
C-LL4574-LIQDSTNDP,simple,BaBoom
C-LL4575-LIQDSTNDP,simple,Cerise
C-LL4576-LIQDSTNDP,simple,Surprising
C-LL4577-LIQDSTNDP,simple,Just About
C-LL4578-LIQDSTNDP,simple,Dangerous
C-LL4579-LIQDSTNDP,simple,Coveted
C-LL4580-LIQDSTNDP,simple,Famous
C-LL4581-LIQDSTNDP,simple,Icon
C-LL4582-LIQDSTNDP,simple,Trophy
C-LL4583-LIQDSTNDP,simple,Grunge
C-LL4584-LIQDSTNDP,simple,Pleasing
C-LL4585-LIQDSTNDP,simple,Flora
C-LL4586-LIQDSTNDP,simple,Darling
C-LL4587-LIQDSTNDP,simple,Sangria
C-LL4588-LIQDSTNDP,simple,4588 Rum N' Coke
C-HDL100/30,simple,Extra Light Porcelain - 30ml
C-HDL101/30,simple,Light Porcelain - 30ml
C-HDL102/30,simple,Porcelain - 30ml
C-HDL103/30,simple,Medium Beige - 30ml
C-HDL104/30,simple,Dark Tan - 30ml
C-HDL105/30,simple,Mocha - 30ml
C-HDL106/30,simple,Ebony - 30ml
C-HDL107/30,simple,Caramel - 30ml
C-HDL108/30,simple,Coffee Bean - 30ml
C-HDL109/30,simple,Amber - 30ml
C-HDL110/30,simple,Congac - 30ml
C-HDL111/30,simple,Medium Light Porcelain - 30ml
C-HDL112/30,simple,Medium Porcelain - 30ml
C-HDL113/30,simple,Coca - 30ml
C-HDL150/30,simple,Light Ivory - 30ml
C-HDL151/30,simple,Ivory - 30ml
C-HDL152/30,simple,Medium Ivory - 30ml
C-HDL153/30,simple,Medium Tan - 30ml
C-HDL154/30,simple,Tan - 30ml
C-HDL155/30,simple,Almond - 30ml
C-HDL156/30,simple,Golden Honey - 30ml
C-HDL157/30,simple,Golden Chesnut - 30ml
C-HDL158/30,simple,Toasty Coffee - 30ml
C-HDL159/30,simple,Sable - 30ml
C-HDL160/30,simple,Roasted Coffee - 30ml
C-HDLAA/30,simple,Apricot Adjuster - 30ml
C-HDLBEXT/30,simple,AdjusterBlack - 30ml
C-HDLGA/30,simple,Gold Adjuster - 30ml
C-HDLPA/30,simple,Peach Adjuster - 30ml
C-HDLW/30,simple,White Adjuster - 30ml
C-HDL100/15,simple,15ml - HDL100 - Extra Light Porcelain HD Foundation
C-HDL101/15,simple,15ml - HDL101 - Light Porcelain HD Foundation
C-HDL102/15,simple,15ml - HDL102 Porcelain HD Foundation
C-HDL103/15,simple,15ml - HDL103 Medium Beige HD Foundation
C-HDL104/15,simple,15ml- HDL104 Dark Tan HD Foundation
C-HDL105/15,simple,15ml- HDL105  Mocha HD Foundation
C-HDL106/15,simple,15ml - HDL106 Ebony HD Foundation
C-HDL107/15,simple,15ml - HDL107 - Caramel HD Foundation
C-HDL108/15,simple,15ml - HDL108 Coffee Bean HD Foundation
C-HDL109/15,simple,15ml - HDL109 Amber HD Foundation
C-HDL110/15,simple,15ml - HDL110 Congac HD Foundation
C-HDL111/15,simple,15ml - HDL111 Medium Light Porcelain HD Foundation
C-HDL112/15,simple,15ml - HDL112 Medium Porcelain HD Foundation
C-HDL113/15,simple,15ml - HDL113 Coca HD Foundation
C-HDL150/15,simple,15ml - HDL150 - Light Ivory HD Foundation
C-HDL151/15,simple,15ml - HDL151 Ivory HD Foundation
C-HDL152/15,simple,15ml - HDL152 Medium Ivory HD Foundation
C-HDL153/15,simple,15ml - HDL153 Medium Tan HD Foundation
C-HDL154/15,simple,15ml - HDL154 Tan HD Foundation
C-HDL155/15,simple,15m - HDL155l Almond HD Foundation
C-HDL156/15,simple,15ml - HDL156 Golden Honey HD Foundation
C-HDL157/15,simple,15ml - HDL157 Honey Chesnut HD Foundation
C-HDL158/15,simple,15ml - HDL158 Toasty Coffee HD Foundation
C-HDL159/15,simple,15ml - HDL159 Sable HD Foundation
C-HDL160/15,simple,15ml - HDL160 Roasted Coffee HD Foundation
C-HDLAA/15,simple,HDL Apricot Adjuster 15ml
C-HDLBEXT/15,simple,HDL - Adjuster - Black - 15ml
C-HDLGA/15,simple,HDL Gold Adjuster 15ml
C-HDLPA/15,simple,HDL Peach Adjuster 15ml
C-HDLW/15,simple,HDL - White Adjuster - 15ml
C-WD200-STNDP,simple,WD - Extra Light Porcelain
C-WD201-STNDP,simple,WD - Light Porcelian
C-WD202-STNDP,simple,WD - Porcelain
C-WD203-STNDP,simple,WD - Medium Beige
C-WD204-STNDP,simple,WD - Dark Tan
C-WD205-STNDP,simple,WD - Mocha
C-WD206-STNDP,simple,WD - Ebony
C-WD207-STNDP,simple,WD - Caramel
C-WD208-STNDP,simple,WD - Coffee Bean
C-WD209-STNDP,simple,WD - Amber
C-WD210-STNDP,simple,WD - Congac
C-WD211-STNDP,simple,WD - Medium Light Porcelain
C-WD212-STNDP,simple,WD - Medium Porcelian
C-WD250-STNDP,simple,WD - Light Ivory
C-WD251-STNDP,simple,WD - Ivory
C-WD252-STNDP,simple,WD - Medium Ivory
C-WD253-STNDP,simple,WD - Medium Tan
C-WD254-STNDP,simple,WD - Tang
C-WD255-STNDP,simple,WD - Almond
C-WD256-STNDP,simple,WD - Golden Honey
C-WD257-STNDP,simple,WD - Honey Chesnut
C-HDC400,simple,HDC Extra Light Porcelain
C-HDC401,simple,HDC Light Porcelain
C-HDC402,simple,HDC Porcelain
C-HDC403,simple,HDC Medium Beige
C-HDC404,simple,HDC Dark Tan
C-HDC405,simple,HDC Mocha
C-HDC406,simple,HDC Ebony
C-HDC407,simple,HDC Caramel
C-HDC408,simple,HDC Coffee Bean
C-HDC409,simple,HDC Amber
C-HDC410,simple,HDC Congac
C-HDC411,simple,HDC Medium Light Porcelain
C-HDC412,simple,HDC Medium Porcelian
C-HDC450,simple,HDC Light Ivory
C-HDC451,simple,HDC Ivory
C-HDC452,simple,HDC Medium Ivory
C-HDC453,simple,HDC Medium Tan
C-HDC454,simple,HDC Tan
C-HDC455,simple,HDC Almond
C-HDC456,simple,HDC Golden Honey
C-HDC457,simple,HDC Honey Chesnut
C-LS8000-LSSTNDP,simple,Vitamin E (M)
C-LS8001-LSSTNDP,simple,Gold Kiss (F)
C-LS8002-LSSTNDP,simple,Deep Gold (P)
C-LS8004-LSSTNDP,simple,Tinsel (P)
C-LS8005-LSSTNDP,simple,Pale Bronze (F)
C-LS8008-LSSTNDP,simple,Foxy Brown (C)
C-LS8009-LSSTNDP,simple,Copper Rose P
C-LS8011-LSSTNDP,simple,89% Chocolate (M)
C-LS8012-LSSTNDP,simple,Mink Brown (C)
C-LS8013-LSSTNDP,simple,Twig
C-LS8014-LSSTNDP,simple,Sienna (C)
C-LS8015-LSSTNDP,simple,Sedona C
C-LS8016-LSSTNDP,simple,Copper (P)
C-LS8017-LSSTNDP,simple,Antique (F)
C-LS8018-LSSTNDP,simple,Rondo Brown (P)
C-LS8021-LSSTNDP,simple,Gold Rose (P)
C-LS8022-LSSTNDP,simple,Bronze (P)
C-LS8023-LSSTNDP,simple,Hint of Rose (P)
C-LS8024-LSSTNDP,simple,Dream (C)
C-LS8025-LSSTNDP,simple,Inspiration (F)
C-LS8028-LSSTNDP,simple,Creamy Amber (C)
C-LS8029-LSSTNDP,simple,Mahogany (C)
C-LS8031-LSSTNDP,simple,Mocha Latter (C)
C-LS8032-LSSTNDP,simple,Pearl Aubergine (P)
C-LS8033-LSSTNDP,simple,Bunny Brown (C)
C-LS8037-LSSTNDP,simple,Au De Natural (C)
C-LS8038-LSSTNDP,simple,Charity (C)
C-LS8039-LSSTNDP,simple,Believe (C)
C-LS8041-LSSTNDP,simple,Creamy Peach Stanard
C-LS8042-LSSTNDP,simple,Dreamy Peach (C)
C-LS8043-LSSTNDP,simple,Burnt Peach C
C-LS8044-LSSTNDP,simple,WildDragon P
C-LS8047-LSSTNDP,simple,Naked (C)
C-LS8048-LSSTNDP,simple,Plush (C)
C-LS8049-LSSTNDP,simple,Sun Kiss C/P
C-LS8050-LSSTNDP,simple,SKiss (C)
C-LS8051-LSSTNDP,simple,Sunset (S)
C-LS8052-LSSTNDP,simple,Red Rock (C)
C-LS8053-LSSTNDP,simple,Hint of Orange (S)
C-LS8054-LSSTNDP,simple,Sheer Orange (S)
C-LS8055-LSSTNDP,simple,Deep Orange (C)
C-LS8056-LSSTNDP,simple,Tangerine AC
C-LS8057-LSSTNDP,simple,Pink Cloud (F)
C-LS8058-LSSTNDP,simple,Mia Tia(C)
C-LS8059-LSSTNDP,simple,Orange Bloom (C)
C-LS8060-LSSTNDP,simple,Ravishing Rose (F
C-LS8061-LSSTNDP,simple,Aubergine (C)
C-LS8062-LSSTNDP,simple,Coral Shelly (C)
C-LS8063-LSSTNDP,simple,Red Coral (C)
C-LS8065-LSSTNDP,simple,Fire Red (C)
C-LS8067-LSSTNDP,simple,Burnt Red (C)
C-LS8068-LSSTNDP,simple,Rouge Cream (F)
C-LS8069-LSSTNDP,simple,Radical Red C
C-LS8070-LSSTNDP,simple,Hot and Bothered
C-LS8072-LSSTNDP,simple,Maralyn M
C-LS8073-LSSTNDP,simple,Blush (C)
C-LS8074-LSSTNDP,simple,All night long (C)
C-LS8075-LSSTNDP,simple,Raspberry Red (C)
C-LS8077-LSSTNDP,simple,Bling Cherry C
C-LS8078-LSSTNDP,simple,Raspberry Haze (C)
C-LS8079-LSSTNDP,simple,Berry (C)
C-LS8081-LSSTNDP,simple,Spring Rose (C)
C-LS8082-LSSTNDP,simple,Babie C
C-LS8083-LSSTNDP,simple,Kitten Pink (C)
C-LS8084-LSSTNDP,simple,Pinky Red M
C-LS8086-LSSTNDP,simple,Twiggy Pink (C)
C-LS8088-LSSTNDP,simple,Rouge Rose (C)
C-LS8090-LSSTNDP,simple,Deep Plum (C)
C-LS8092-LSSTNDP,simple,Misty Pink (P)
C-LS8093-LSSTNDP,simple,Dusty Rose (C)
C-LS8098-LSSTNDP,simple,Future Pink (C)
C-LS8101-LSSTNDP,simple,Plum Pink (C)
C-LS8102-LSSTNDP,simple,Chorine (C)
C-LS8103-LSSTNDP,simple,Booty Call (C)
C-LS8104-LSSTNDP,simple,Unforgettable
C-LS8105-LSSTNDP,simple,Hotness Red (C)
C-LS8106-LSSTNDP,simple,Bee Sting (C)
C-LS8107-LSSTNDP,simple,Drive Him Crazy (C)
C-LS8108-LSSTNDP,simple,One night Stand (C)
C-LS8109-LSSTNDP,simple,Jealous (C)
C-LS8110-LSSTNDP,simple,Diva C
C-LS8111-LSSTNDP,simple,Vamp (C)
C-LS8112-LSSTNDP,simple,Voluptuous (C)
C-LS8113-LSSTNDP,simple,Bubbly (F)
C-LS8114-LSSTNDP,simple,Shocking Pink
C-LS8115-LSSTNDP,simple,Grape (F)
C-LS8117-LSSTNDP,simple,Rebellious (C)
C-LS8118-LSSTNDP,simple,Black Berry (C)
C-LS8119-LSSTNDP,simple,Cotton Candy (P)
C-LS8120-LSSTNDP,simple,Fresh Lips
C-LS8122-LSSTNDP,simple,Purple Lushies
C-LS8123-LSSTNDP,simple,Grapcicle C/S Packaging
C-LS8124-LSSTNDP,simple,Faith (C)
C-LS8126-LSSTNDP,simple,Captivating (C)
C-LS8130-LSSTNDP,simple,Summer Time (P)
C-LS8133-LSSTNDP,simple,Shimmer beige (P)
C-LS8134-LSSTNDP,simple,Nude (C)
C-LS8140-LSSTNDP,simple,Snow White (M)
C-LS8141-LSSTNDP,simple,Deep Black (M)
C-LS8142-LSSTNDP,simple,Hello Pretty (P)
C-LS8143-LSSTNDP,simple,Fusion (F)
C-LS8144-LSSTNDP,simple,Fresh P
C-LS8145-LSSTNDP,simple,Coral Bliss (C)
C-LS8146-LSSTNDP,simple,Fabulous (C)
C-LS8147-LSSTNDP,simple,Red Velvet Pack
C-LS8148-LSSTNDP,simple,Candy Land (P)
C-LS8149-LSSTNDP,simple,Taupe (C)
C-LS8150-LSSTNDP,simple,Desert Rose (C)
C-LS8152-LSSTNDP,simple,Fashion Wea (C)
C-LS8153-LSSTNDP,simple,Sensational (C)
C-LS8154-LSSTNDP,simple,Dream Catcher (C)
C-LS8155-LSSTNDP,simple,Heavenly (C)
C-LS8156-LSSTNDP,simple,Purple Rain (C)
C-LS8157-LSSTNDP,simple,Darling (C)
C-LS8158-LSSTNDP,simple,Lost
C-LS8159-LSSTNDP,simple,Starlight (C)
C-LS8160-LSSTNDP,simple,Bashful (C)
C-LS8161-LSSTNDP,simple,Giggles (F)
C-LS8162-LSSTNDP,simple,Fetish (F)
C-LS8163-LSSTNDP,simple,Rain Maker (C)
C-LS8164-LSSTNDP,simple,Manama (C)
C-LS8165-LSSTNDP,simple,Topaz (M)
C-LS8166-LSSTNDP,simple,Jersey Shore (C)
C-LS8167-LSSTNDP,simple,Orange (M)
C-LS8168-LSSTNDP,simple,Russian Red (M)
C-LS8169-LSSTNDP,simple,Red Devil (M)
C-LS8170-LSSTNDP,simple,Purple Vibe (M)
C-LS8171-LSSTNDP,simple,Doll me up (M)
C-LS8172-LSSTNDP,simple,Magic (C)
C-LS8173-LSSTNDP,simple,Girl Next Door (C)
C-LS8174-LSSTNDP,simple,Clever (C)
C-LS8175-LSSTNDP,simple,Sweet Boy (F)
C-LS8176-LSSTNDP,simple,Pretty Tizzy (C)
C-LS8177-LSSTNDP,simple,Bombshell (C)
C-LS8178-LSSTNDP,simple,Gatsby (C)
C-LS8179-LSSTNDP,simple,Brag (C)
C-LS8180-LSSTNDP,simple,Mooched (C)
C-LS8181-LSSTNDP,simple,Naked (M)
C-LS8182-LSSTNDP,simple,Nude (M)
C-LS8183-LSSTNDP,simple,Bright Pink (M)
C-LS8184-LSSTNDP,simple,Bright Orange (M)
C-LS8185-LSSTNDP,simple,grey (M)
C-LS8186-LSSTNDP,simple,Burgundy (M)
C-LS8187-LSSTNDP,simple,Purple Orchid (M)
C-LS8188-LSSTNDP,simple,Teddy (C)
C-LS8189-LSSTNDP,simple,Pebbles (P)
C-LS8190-LSSTNDP,simple,Utopia (C)
C-LS8191-LSSTNDP,simple,Flag Ship (C)
C-LS8192-LSSTNDP,simple,Frenzy Stand Pack
C-LS8193-LSSTNDP,simple,Fairy (C)
C-LS8194-LSSTNDP,simple,Bloome (C)
C-LS8195-LSSTNDP,simple,Bam (C)
C-LS8196-LSSTNDP,simple,Heart Breaker Packaging
C-LS8197-LSSTNDP,simple,Beauty Drug (C)
C-LS8198-LSSTNDP,simple,Russian Sensation
C-LS8200-LSSTNDP,simple,Uptown Girl Packaging
C-LS8201-LSSTNDP,simple,Girls Night Out (C)
C-LS8202-LSSTNDP,simple,Dream Girl (C)
C-LS8203-LSSTNDP,simple,Warmth (C)
C-LS8204-LSSTNDP,simple,Day Dream (C)
C-LS8205-LSSTNDP,simple,Love Fear (C)
C-LS8208-LSSTNDP,simple,Slush Stnd Pack
C-LS8209-LSSTNDP,simple,Pout Stnd Pack (C)
C-LS8210-LSSTNDP,simple,Shock
C-LS8211-LSSTNDP,simple,Breeze (C)
C-LS8212-LSSTNDP,simple,Love M (C)
C-LS8213-LSSTNDP,simple,Wonder (C)
C-LS8214-LSSTNDP,simple,Miracle (C)
C-LS8215-LSSTNDP,simple,Sweat Heart (C)
C-LS8221-LSSTNDP,simple,Soul Packaging
C-LS8222-LSSTNDP,simple,Ice Cora (M)
C-LS8223-LSSTNDP,simple,Spell Bond (M)
C-LS8224-LSSTNDP,simple,Cold Hearted (Cream Matte)
C-LS8225-LSSTNDP,simple,Naughty (M)
C-LS8226-LSSTNDP,simple,Marine (M)
C-LS8227-LSSTNDP,simple,Scandalous (M)
C-LS8228-LSSTNDP,simple,Freddy
C-LS8229-LSSTNDP,simple,Paradise Blue (M)
C-LS8230-LSSTNDP,simple,Blue Moon (M)
C-LS8231-LSSTNDP,simple,Ocean (M)
C-LS8232-LSSTNDP,simple,Sugar Plum (M)
C-LS8233-LSSTNDP,simple,AcidBerry (M)
C-LS8234-LSSTNDP,simple,Lime Me Green (M)
C-LS8235-LSSTNDP,simple,Irish Pub (Cream Matte) Packaging
C-LS8236-LSSTNDP,simple,Gosh (M)
C-LS8237-LSSTNDP,simple,Bubble Gum (M)
C-LS8238-LSSTNDP,simple,Orange Sorbet (Cream Matte)
C-LSKTTC,simple,Kiss Tint - Toffee Coffee
C-LSKTPP,simple,Kiss Tint - Pink Peony
C-LSKCK,simple,Chocolate Kiss
C-LSKTW,simple,Kiss Tint - Watermelon
C-LSKLB,simple,Kiss Tint - Love Berry
C-LSKTC,simple,Kiss Tint - Clementine
C-LS8000-lssilverc,simple,Lipstick - Vitamin E - M Silver Colar
C-LS8001-lssilverc,simple,Gold Kiss - S/F Silver Colar
C-LS8002-lssilverc,simple,Deep Gold - P - Silver Colar
C-LS8004-lssilverc,simple,Lipstick - Tinsel - P Silver Colar
C-LS8005-lssilverc,simple,Pale Bronze - P Silver Colar
C-LS8008-lssilverc,simple,Foxy Brown Silver Colar
C-LS8009-lssilverc,simple,8009 Lipstick Copper Rose - Silver Colar
C-LS8011-lssilverc,simple,89% Chocolate - M - Silver Colar
C-LS8012-lssilverc,simple,Mink Brown - C - Silver Colar
C-LS8013-lssilverc,simple,Twig
C-LS8014-lssilverc,simple,Sienna - C - Silver Collar
C-LS8015-lssilverc,simple,8015 Sedona - C - Silver Colar
C-LS8016-lssilverc,simple,Copper - P - Silver Colar
C-LS8017-lssilverc,simple,Lipstick - Antique - P - Silver Colar
C-LS8018-lssilverc,simple,Lipstick - Rondnoir Brown - P Silver Colar
C-LS8021-lssilverc,simple,Gold Rose - C/P - Silver Colar
C-LS8022-lssilverc,simple,Bronze - C/P - Silver Colar
C-LS8023-lssilverc,simple,Hint of Rose - C/P - Silver Colar
C-LS8024-lssilverc,simple,Dream - S/P Silver Colar
C-LS8025-lssilverc,simple,Insirpation - P - Silver Colar
C-LS8028-lssilverc,simple,Lipstick - Creamy Amber C - Silver Colar
C-LS8029-lssilverc,simple,Mahogany Cr√®me - Silver Colar
C-LS8031-lssilverc,simple,Mocha Latte - C - Silver Colar
C-LS8032-lssilverc,simple,Lipstick - Pearl Aubergine - P - Silver Colar
C-LS8033-lssilverc,simple,Bunny Brown - C - Silver Colar
C-LS8037-lssilverc,simple,Au De Natural Silver Colar
C-LS8038-lssilverc,simple,Charity - Silver Colar
C-LS8039-lssilverc,simple,Lipstick - Believe - C - Silver Colar
C-LS8041-lssilverc,simple,8041 Creamy Peach - Silver Colar
C-LS8042-lssilverc,simple,Dreamy Peach - Silver Colar
C-LS8043-lssilverc,simple,8043 Burnt Peach C - Silver Colar
C-LS8044-lssilverc,simple,8044 WildDragon - P - Silver Colar
C-LS8047-lssilverc,simple,Naked - C - Silver Colar
C-LS8048-lssilverc,simple,Plush - C - Silver Colar
C-LS8049-lssilverc,simple,8049 Sun Kiss - C/P Silver Colar 8049
C-LS8050-lssilverc,simple,S-Kiss - Silver Colar
C-LS8051-lssilverc,simple,Lipstick - Sunset - C/P - Silver Colar
C-LS8052-lssilverc,simple,Red Rock - C - Silver Colar
C-LS8053-lssilverc,simple,Hint of Orange (S)
C-LS8054-lssilverc,simple,Sheer Orange - S - Silver Colar
C-LS8055-lssilverc,simple,Deep Orange - C - Silver Colar
C-LS8056-lssilverc,simple,Lipstick - Tangerine -C - Silver Colar
C-LS8057-lssilverc,simple,Pink Cloud - C/P - Silver Colar
C-LS8058-lssilverc,simple,Mia Tia(C)
C-LS8059-lssilverc,simple,Orange Bloom - C - Silver Colar
C-LS8060-lssilverc,simple,Ravishing Rose - P - Silver Colar
C-LS8061-lssilverc,simple,Aubergine - C - Silver Colar
C-LS8062-lssilverc,simple,Coral Shelly - C/P - Silver Colar
C-LS8063-lssilverc,simple,Red Coral (C)
C-LS8065-lssilverc,simple,Fire Red - M - Silver Colar
C-LS8067-lssilverc,simple,Burnt Red - C - Silver Colar
C-LS8068-lssilverc,simple,Rouge Cream - S/P - Silver Colar
C-LS8069-lssilverc,simple,8069 Lipstick - Radical Red - C Silver Colar
C-LS8070-lssilverc,simple,8070 Hot and Bothered - Silver Colar
C-LS8072-lssilverc,simple,8072 Maralyn - M - Silver Colar
C-LS8073-lssilverc,simple,Blush - F - Silver Colar
C-LS8074-lssilverc,simple,All night long - C - Silver Colar
C-LS8075-lssilverc,simple,Raspberry Red - C - Silver Colar
C-LS8077-lssilverc,simple,8077 Bling Cherry  - C - Silver Colar
C-LS8078-lssilverc,simple,Raspberry Haze (C)
C-LS8079-lssilverc,simple,Berry (C)
C-LS8081-lssilverc,simple,Spring Rose (C)
C-LS8082-lssilverc,simple,8082 Babie - C - Silver Colar
C-LS8083-lssilverc,simple,Kitten Pink (C)
C-LS8084-lssilverc,simple,8084 Pinky Red - M - Silver Collar
C-LS8086-lssilverc,simple,Twiggy Pink (C)
C-LS8088-lssilverc,simple,Rouge Rose (C)
C-LS8090-lssilverc,simple,Deep Plum (C)
C-LS8092-lssilverc,simple,Misty Pink (P)
C-LS8093-lssilverc,simple,Dusty Rose (C)
C-LS8098-lssilverc,simple,Future Pink (C)
C-LS8101-lssilverc,simple,Plum Pink (C)
C-LS8102-lssilverc,simple,Chardine - C - Silver Colar
C-LS8103-lssilverc,simple,Booty Call - Silver Colar
C-LS8104-lssilverc,simple,8104 Unforgettable - Silver colar
C-LS8105-lssilverc,simple,Hotness Red P - Silver Colar
C-LS8106-lssilverc,simple,Bee Sting (C)
C-LS8107-lssilverc,simple,Drive Him Crazy - P - Silver Colar
C-LS8108-lssilverc,simple,One night Stand - P - Silver Colar
C-LS8109-lssilverc,simple,Jealous - C - Silver Colar
C-LS8110-lssilverc,simple,8110 Diva - C - Silver Colar 8110
C-LS8111-lssilverc,simple,Vamp - C - Silver Colar
C-LS8112-lssilverc,simple,Valuptious - C - Silver Colar
C-LS8113-lssilverc,simple,Bubbly - C - Silver Colar
C-LS8114-lssilverc,simple,8114 Shocking Pink - Silver Colar
C-LS8115-lssilverc,simple,Lipstick - Grape C/P - Silver Colar
C-LS8117-lssilverc,simple,Rebelious - M - Silver Colar
C-LS8118-lssilverc,simple,Black Berry - C - Silver Colar
C-LS8119-lssilverc,simple,Lipstick - Cotton Candy - P - Silver Colar
C-LS8120-lssilverc,simple,8120 Fresh Lips - Silver Colar
C-LS8122-lssilverc,simple,8122 Purple Lushies - Silver Colar
C-LS8123-lssilverc,simple,8123 Grapcicle - C/S - Silver Colar
C-LS8124-lssilverc,simple,Lipstick - Faith - C - Silver Colar
C-LS8126-lssilverc,simple,Captivating - Silver Colar
C-LS8130-lssilverc,simple,Summer Time - C/P - Silver Colar
C-LS8133-lssilverc,simple,Shimmer beige - Silver Colar
C-LS8134-lssilverc,simple,Nude Cream  - Silver Colar
C-LS8140-lssilverc,simple,Lipstick - Snow White - Silver Colar
C-LS8141-lssilverc,simple,Deep Black - Silver Colar
C-LS8142-lssilverc,simple,8142Hello Pretty - Silver Colar
C-LS8143-lssilverc,simple,8143 Fusion - Silver Colar
C-LS8144-lssilverc,simple,8144 Fresh - Silver Colar
C-LS8145-lssilverc,simple,Coral Bliss (C)
C-LS8146-lssilverc,simple,Fabulous - Silver Colar
C-LS8147-lssilverc,simple,8147 Red Velvet - Silver Colar
C-LS8148-lssilverc,simple,Candy Land - Silver Colar
C-LS8149-lssilverc,simple,Taupe - Silver Colar
C-LS8150-lssilverc,simple,Lipstick - Desert Rose - Silver Colar
C-LS8152-lssilverc,simple,Fashion Wear - Silver Colar
C-LS8153-lssilverc,simple,Sensational - Silver Colar
C-LS8154-lssilverc,simple,Dream Catcher - Silver Colar
C-LS8155-lssilverc,simple,Heavenly - Silver Colar
C-LS8156-lssilverc,simple,Purple Rain - Silver Colar
C-LS8157-lssilverc,simple,Darling - Silver Colar
C-LS8158-lssilverc,simple,8158 Lost - Silver Colar 8158
C-LS8159-lssilverc,simple,Starlight - Silver Colar
C-LS8160-lssilverc,simple,Bashful - Silver Colar
C-LS8161-lssilverc,simple,Giggles - Silver Colar
C-LS8162-lssilverc,simple,Fetish - Silver Colar
C-LS8163-lssilverc,simple,Rain Maker - Silver Colar
C-LS8164-lssilverc,simple,MamaMia - Silver Colar
C-LS8165-lssilverc,simple,Topaz - M - Silver Colar
C-LS8166-lssilverc,simple,Jersey Shore - Silver Colar
C-LS8167-lssilverc,simple,Orange (M)
C-LS8168-lssilverc,simple,Red - M - Silver Colar
C-LS8169-lssilverc,simple,Red Devil - M - Silver Colar
C-LS8170-lssilverc,simple,Purple Vibe - M - Silver Colar
C-LS8171-lssilverc,simple,8171 Matte Lipstick Doll me up - Silver Colar
C-LS8172-lssilverc,simple,Magic - Silver Colar
C-LS8173-lssilverc,simple,Girl Next Door - Silver Colar
C-LS8174-lssilverc,simple,Clever - Silver Colar
C-LS8175-lssilverc,simple,Sweet Boy - Silver Colar
C-LS8176-lssilverc,simple,Pretty Tizzy - Silver Colar
C-LS8177-lssilverc,simple,Bombshell - Silver Colar
C-LS8178-lssilverc,simple,Gatsby - Silver Colar
C-LS8179-lssilverc,simple,Brag - Silver Colar
C-LS8180-lssilverc,simple,Moochie - Silver Colar
C-LS8181-lssilverc,simple,Naked - M - Silver Colar
C-LS8182-lssilverc,simple,Nude - M - Silver Colar
C-LS8183-lssilverc,simple,Bright Pink -M - Silver Colar
C-LS8184-lssilverc,simple,Bright Orange - M - Silver Colar
C-LS8185-lssilverc,simple,Grey - M - Silver Colar
C-LS8186-lssilverc,simple,Burgandy - M - Silver Colar
C-LS8187-lssilverc,simple,Purple Orchid - M - Silver Colar
C-LS8188-lssilverc,simple,Teddy - Silver Colar
C-LS8189-lssilverc,simple,Pebbles - Silver Colar
C-LS8190-lssilverc,simple,Utopia - Silver Colar
C-LS8191-lssilverc,simple,Flag Ship - Silver Colar
C-LS8192-lssilverc,simple,8192 Frenzy - Silver Colar
C-LS8193-lssilverc,simple,Fairy - Silver Colar
C-LS8194-lssilverc,simple,Bloomer - Silver Colar
C-LS8195-lssilverc,simple,Bam Bam - Silver Colar
C-LS8196-lssilverc,simple,8196 Heart Breaker - Silver Colar
C-LS8197-lssilverc,simple,Beauty Drug - Silver Colar
C-LS8198-lssilverc,simple,8198 Russian Sensation Silver Colar
C-LS8200-lssilverc,simple,8200 Uptown Girl - Silver Colar 8200
C-LS8201-lssilverc,simple,Girl night Out - Silver Colar
C-LS8202-lssilverc,simple,Dream Girl - Silver Colar
C-LS8203-lssilverc,simple,Warmth - Silver Colar
C-LS8204-lssilverc,simple,Day Dream - Silver Colar
C-LS8205-lssilverc,simple,Lipstick - Love Fear - Silver Colar
C-LS8208-lssilverc,simple,8208 Slush - Silver Colar
C-LS8209-lssilverc,simple,Pout - Silver Colar
C-LS8210-lssilverc,simple,Shock - Silver Colar
C-LS8211-lssilverc,simple,Breeze - Silver Colar
C-LS8212-lssilverc,simple,Love - Silver Colar
C-LS8213-lssilverc,simple,Wonder - Silver Colar
C-LS8214-lssilverc,simple,4430 Miracle - Silver Colar
C-LS8215-lssilverc,simple,Sweet Heart - Silver Colar
C-LS8221-lssilverc,simple,8221 Soul - Silver Colar
C-LS8222-lssilverc,simple,Ice Coral (Cream Matte) - Silver Colar
C-LS8223-lssilverc,simple,Spell Bond (Cream Matte) - Silver Colar
C-LS8224-lssilverc,simple,Cold Hearted (Cream Matte) - Silver Colar
C-LS8225-lssilverc,simple,Naughty (Cream Matte) - Silver Colar
C-LS8226-lssilverc,simple,Marine (Cream Matte) - Silver Colar
C-LS8227-lssilverc,simple,Scandalous (Cream Matte) - Silver Colar
C-LS8228-lssilverc,simple,Freddy
C-LS8229-lssilverc,simple,Paradise Blue (Cream Matte) - Silver Colar
C-LS8230-lssilverc,simple,Blue Moon (Cream Matte) - Silver Colar
C-LS8231-lssilverc,simple,Ocean (Cream Matte) - Silver Colar
C-LS8232-lssilverc,simple,Lipstick - Sugar Plum (Cream Matte) - Silver Colar
C-LS8233-lssilverc,simple,AcidBerry (Cream Matte) - Silver Colar
C-LS8234-lssilverc,simple,Lime Me Green (Cream Matte) - Silver Colar
C-LS8235-lssilverc,simple,8235 Lipstick - Irish Pub (Cream Matte) - Silver Colar
C-LS8236-lssilverc,simple,Gosh (Cream Matte) - Silver Colar
C-LS8237-lssilverc,simple,Bubble Gum (Cream Matte) - Silver Colar
C-LS8238-lssilverc,simple,Orange Sorbet (Cream Matte) - Silver Colar
C-CP700,simple,Concealer Pot C700 Extra Light Porcelain
C-CP701,simple,Concealer Pot C701 Light Porcelain
C-CP702,simple,Concealer Pot C702 Porcelain
C-CP703,simple,Concealer Pot C703 Medium Beige
C-CP704,simple,Concealer Pot C704 Dark Tan
C-CP705,simple,Concealer Pot C705 Mocha
C-CP706,simple,Concealer Pot C706 Ebony
C-CP707,simple,Concealer Pot C707 Caramel
C-CP708,simple,Concealer Pot C708 Coffee Bean
C-CP709,simple,Concealer Pot C709 Amber
C-CP710,simple,Concealer Pot C710 Cognac
C-CP711,simple,Concealer Pot C711 Medium Light Porcelain
C-CP712,simple,Concealer Pot C712 Medium Porcelain
C-CP750,simple,Concealer Pot C750 Light Ivory
C-CP751,simple,Concealer Pot C751 Ivory
C-CP752,simple,Concealer Pot C752 Medium Ivory
C-CP753,simple,Concealer Pot C753 Medium Tan
C-CP754,simple,Concealer Pot C754 Tan
C-CP755,simple,Concealer Pot C755 Almond
C-CP756,simple,Concealer Pot C756 Golden Honey
C-CP757,simple,Concealer Pot C757 Honey Chesnut
C-HDLP600-BC,simple,10g Loose Powder LP600 Extra Light Porcelain
C-HDLP601-BC,simple,10g Loose Powder LP601 Light Porcelain
C-HDLP602-BC,simple,10g Loose Powder LP602 Porcelain
C-HDLP603-BC,simple,10g Loose Powder LP603 Medium Beige
C-HDLP604-BC,simple,10g Loose Powder LP604 Dark Tan
C-HDLP605-BC,simple,10g Loose Powder LP605/655 Mocha
C-HDLP606-BC,simple,10g Loose Powder LP606 Ebony
C-HDLP607-BC,simple,10g Loose Powder LP607 Caramel
C-HDLP608-BC,simple,10g Loose Powder LP608 Coffee Bean
C-HDLP609-BC,simple,10g Loose Powder LP609 Amber
C-HDLP610-BC,simple,10g Loose Powder LP610 Congac
C-HDLP611-BC,simple,10g Loose Powder LP611 Medium Light Porcelain
C-HDLP612-BC,simple,10g Loose Powder LP612 Medium Porcelian
C-HDLP650-BC,simple,10g Loose Powder LP650 Light Ivory
C-HDLP651-BC,simple,10g Loose Powder LP651 Ivory
C-HDLP652-BC,simple,10g Loose Powder LP652 Medium Ivory
C-HDLP653-BC,simple,10g Loose Powder LP653 Medium Tan
C-HDLP654-BC,simple,10g Loose Powder LP654 Tan
C-HDLP655-BC,simple,10g Loose Powder LP655 Almond
C-HDLP656-BC,simple,10g Loose Powder LP656 Golden Honey
C-HDLP657-BC,simple,10g Loose Powder LP657 Honey Chesnut
C-CS300,simple,Con Stick Extra Light Porcelain
C-CS301,simple,Con Stick Light Porcelain
C-CS302,simple,Corrector Stick Porcelain
C-CS303,simple,Con Stick Medium Beige
C-CS304,simple,Con Stick Dark Tan
C-CS305,simple,Con Stick Mocha
C-CS306,simple,Con Stick Ebony
C-CS307,simple,Con Stick Caramel
C-CS308,simple,Con Stick Coffee Bean
C-CS309,simple,Con Stick Amber
C-CS310,simple,Con Stick Congac
C-CS311,simple,Con Stick Medium Light Porcelain
C-CS312,simple,Con Stick Medium Porcelian
C-CS350,simple,Con Stick Light Ivory
C-CS351,simple,Con Stick Ivory
C-CS352,simple,Con Stick Medium Ivory
C-CS353,simple,Con Stick Medium Tan
C-CS354,simple,Con Stick Tan
C-CS355,simple,Con Stick Almond
C-CS356,simple,Con Stick Golden Honey
C-CS357,simple,Con Stick Honey Chestnut
C-CSL,simple,Con Stick Lilac
C-LC900,simple,Full Coverage Concealer - Extra Light Porcelain
C-LC901,simple,Full Coverage Liquid Concealer - Light Porcelain
C-LC902,simple,Full Coverage Liquid Concealer - Porcelain
C-LC903,simple,Full Coverage Liquid Concealer - Medium Beigh
C-LC904,simple,Full Coverage Liquid Concealer - Dark Tan
C-LC905,simple,Full Coverage Liquid Concealer - Mocha
C-LC908,simple,Full Coverage Liquid Concealer - Coffee Bean
C-LC909,simple,Full Coverage Liquid Concealer - Amber
C-LC911,simple,Full Coverage Liquid Concealer - Medium Light Porcelain
C-LC940,simple,Full Coverage Liquid Concealer - Corrector - Yellow
C-LC941,simple,Full Coverage Liquid Concealer - Corrector - Lilac
C-LC942,simple,Full Coverage Liquid Concealer - Corrector - Mint
C-LC943,simple,Full Coverage Liquid Concealer - Corrector - Perfect Orange
C-LC944,simple,Full Coverage Liquid Concealer - Corrector - Burnt Orange
C-LC950,simple,Full Coverage Liquid Concealer - Light Ivory
C-LC951,simple,Full Coverage Liquid Concealer - Ivory
C-LC952,simple,Full Coverage Liquid Concealer - Medium Ivory
C-LC953,simple,Full Coverage Liquid Concealer - Medium Tan
C-LC954,simple,Full Coverage Liquid Concealer - Tan
C-LC955,simple,Full Coverage Liquid Concealer - Almond
C-LCD10B-GJ,simple,Lip Conditioner Blue RaspBerry
C-LCD10C-GJ,simple,Lip Conditioner Chocolate
C-LCD10P-GJ,simple,Lip Conditioner Pina Colada
C-LCD10S-GJ,simple,Lip Conditioner Strawberry
C-LCD10V-GJ,simple,Lip Conditioner Vanilla
C-LSC10B-GJ,simple,Lip Scrub Blue RaspBerry
C-LSC10C-GJ,simple,Lip Scrub Chocolate
C-LSC10PC-GJ,simple,Lip Scrub Pina Coloda
C-LSC10S-GJ,simple,Lip Scrub Strawberry
C-LSC10V-GJ,simple,Lip Scrub Vanilla
C-B6000R,simple,Blush - Refill Soft Contour M
C-B6001R,simple,Blush - Refill - Contour M
C-B6002R,simple,Blush - Refill - Off White Madness M
C-B6006R,simple,Blush - Refill - Desert Brown M
C-B6007R,simple,Blush - Refill - Creamy Peach M
C-B6008R,simple,Blush - Refill - Pleasantly Fresh M
C-B6009R,simple,Blush - Refill - Passion Peach M
C-B6010R,simple,Blush - Refill - Sandy Pearl M
C-B6011R,simple,Blush - Refill - Golden Brown M
C-B6012R,simple,Blush - Refill - Hint of Color S
C-B6013R,simple,Blush - Refill - Coral Silk M
C-B6014R,simple,Blush - Refill - Sunset S
C-B6015R,simple,Blush - Refill - Peach M
C-B6016R,simple,Blush - Refill - Peachy Keen S
C-B6017R,simple,Blush - Refill - Utopia Orange S
C-B6019R,simple,Blush - Refill - Sweet Kiss M
C-B6020R,simple,Blush - Refill - Coral M
C-B6021R,simple,Blush - Refill - Melon S
C-B6022R,simple,Blush - Refill - Autumn M
C-B6024R,simple,Blush - Refill - Fantastic Rose M
C-B6025R,simple,Blush - Refill - Shimmering Pink G
C-B6026R,simple,Blush - Refill - Rosey M
C-B6027R,simple,Blush - Refill - Burgandy Flame S
C-B6028R,simple,Blush - Refill - Powder Pink M
C-B6030R,simple,Blush - Refill - Dark Pink M
C-B6031R,simple,Blush - Refill - Magical Magenta M
C-B6032R,simple,Blush - Refill - Deep Mario M
C-B6033R,simple,Blush - Refill - Mauve M
C-B6034R,simple,Blush - Refill - Parfait Purple M
C-B6035R,simple,Blush - Refill - Radical Violet M
C-B6037R,simple,Blush - Refill - Mocha M
C-B6038R,simple,Blush - Refill - Coral Kiss S
C-B6039R,simple,Blush - Refill - Caarmel Bliss S
C-B6040R,simple,Blush - Refill - Touch of Spice M
C-B6041R,simple,Blush - Refill - Cinnamon Toast M
C-B6042R,simple,Blush - Refill - Dusty Rose M
C-B6043R,simple,Blush - Refill - Blossom M
C-B6044R,simple,Blush - Refill - Sizzled Red M
C-B6045R,simple,Blush - Refill - Magical Pink M
C-B6046R,simple,Blush - Refill - Warm Rose M
C-B6047R,simple,Blush - Refill - Sex On the Beach M
C-B6049R,simple,Blush - Refill - Ice Tea M
C-B6050R,simple,Blush - Refill - Rouge Rose M
C-B6051R,simple,Blush - Refill - Warm Earth M
C-B6053R,simple,Blush - Refill - Rose Petal M
C-B6054R,simple,Blush - Refill - Earth M
C-B6055R,simple,Blush - Refill - Peachy Penny M
C-B6058R,simple,Blush - Refill - Nudeness M
C-B6072R,simple,Blush - Refill - Pinky Rose M
C-B6073R,simple,Blush - Refill - Champagne Hilighter
C-B6074R,simple,Blush - Refill - Burgandy Wine M
C-B6000C,simple,Blush - Compact Soft Contour M
C-B6001C,simple,Blush - Compact - Contour M
C-B6002C,simple,Blush - Compact - Off White Madness M
C-B6006C,simple,Blush - Compact - Desert Brown M
C-B6007C,simple,Blush - Compact - Creamy Peach M
C-B6008C,simple,Blush - Compact - Pleasantly Fresh M
C-B6009C,simple,Blush - Compact - Passion Peach M
C-B6010C,simple,Blush - Compact - Sandy Pearl M
C-B6011C,simple,Blush - Compact - Golden Brown M
C-B6012C,simple,Blush - Compact - Hint of Color S
C-B6013C,simple,Blush - Compact - Coral Silk M
C-B6014C,simple,Blush - Compact - Sunset S
C-B6015C,simple,Blush - Compact - Peach M
C-B6016C,simple,Blush - Compact - Peachy Keen S
C-B6017C,simple,Blush - Compact - Utopia Orange S
C-B6019C,simple,Blush - Compact - Sweet Kiss M
C-B6020C,simple,Blush - Compact - Coral M
C-B6021C,simple,Blush - Compact - Melon S
C-B6022C,simple,Blush - Compact - Autumn M
C-B6024C,simple,Blush - Compact - Fantastic Rose M
C-B6025C,simple,Blush - Compact - Shimmering Pink G
C-B6026C,simple,Blush - Compact - Rosey M
C-B6027C,simple,Blush - Compact - Burgandy Flame S
C-B6028C,simple,Blush - Compact - Powder Pink M
C-B6030C,simple,Blush - Compact - Dark Pink M
C-B6031C,simple,Blush - Compact - Magical Magenta M
C-B6032C,simple,Blush - Compact - Deep Mario M
C-B6033C,simple,Blush - Compact - Mauve M
C-B6034C,simple,Blush - Compact - Parfait Purple M
C-B6035C,simple,Blush - Compact - Radical Violet M
C-B6037C,simple,Blush - Compact - Mocha M
C-B6038C,simple,Blush - Compact - Coral Kiss S
C-B6039C,simple,Blush - Compact - Caarmel Bliss S
C-B6040C,simple,Blush - Compact - Touch of Spice M
C-B6041C,simple,Blush - Compact - Cinnamon Toast M
C-B6042C,simple,Blush - Compact - Dusty Rose M
C-B6043C,simple,Blush - Compact - Blossom M
C-B6044C,simple,Blush - Compact - Sizzled Red M
C-B6045C,simple,Blush - Compact - Magical Pink M
C-B6046C,simple,Blush - Compact - Warm Rose M
C-B6047C,simple,Blush - Compact - Sex On the Beach M
C-B6049C,simple,Blush - Compact - Ice Tea M
C-B6050C,simple,Blush - Compact - Rouge Rose M
C-B6051C,simple,Blush - Compact - Warm Earth M
C-B6053C,simple,Blush - Compact - Rose Petal M
C-B6054C,simple,Blush - Compact - Earth M
C-B6055C,simple,Blush - Compact - Peachy Penny M
C-B6058C,simple,Blush - Compact - Nudeness M
C-B6072C,simple,Blush - Compact - Pinky Rose M
C-B6073C,simple,Blush - Compact - Champagne Hilighter
C-B6074C,simple,Blush - Compact - Burgandy Wine M
C-ES7001R,simple,Matte White - Refill (M)
C-ES7002R,simple,Tin Man - Pearl - Refill (P)
C-ES7011R,simple,Taupe - Pearl - Refill
C-ES7013R,simple,Teakwood - Frost - Refill
C-ES7015R,simple,Portobello - Matte - Refill
C-ES7021R,simple,Glimmer - Pearl - Refill
C-ES7023R,simple,Mahogany - Matte - Refill
C-ES7025R,simple,Au de Natural - Matte - Refill
C-ES7029R,simple,Sienna - Matte - Refill
C-ES7030R,simple,Cool Sand - Pearl - Refill
C-ES7033R,simple,Coyote - Pearl - Refill
C-ES7034R,simple,Brown - Pearl - Refill
C-ES7036R,simple,Vanilla Matte - Refill
C-ES7038R,simple,Gold Pearl - Pearl - Refill
C-ES7040R,simple,Gold - Pearl - Refill
C-ES7041R,simple,Canary Yellow - Matte - Refill
C-ES7042R,simple,Mango - Matte - Refill
C-ES7043R,simple,Sunny Orange - Pearl - Refill
C-ES7044R,simple,Palest Peach - Pearl - Refill
C-ES7045R,simple,Spring Peach - Matte - Refill
C-ES7048R,simple,Silky Coral - Matte - Refill
C-ES7050R,simple,Orange - Matte - Refill
C-ES7051R,simple,Cranberry - Pearl - Refill
C-ES7052R,simple,Sunset Rose - Matte - Refill
C-ES7053R,simple,Passion - Matte - Refill
C-ES7054R,simple,Hot Red - Matte - Refill
C-ES7055R,simple,Rich Mahogany - Refill
C-ES7058R,simple,Radical Pink - Refill
C-ES7059R,simple,Deep Pink - Matte - Refill
C-ES7061R,simple,Dubonnet - Matte - Refill
C-ES7065R,simple,Pale Pink - Matte - Refill
C-ES7068R,simple,Bittersweet Purple - Refill
C-ES7069R,simple,Butterfly Orchid - Refill
C-ES7070R,simple,Bellflower Purple Refill
C-ES7071R,simple,Powder Purple - Refill
C-ES7072R,simple,Purple Orchid - Refill
C-ES7073R,simple,Smokey Purple - Refill
C-ES7078R,simple,Deep French Blue - Refill
C-ES7081R,simple,Ocean Blue - Refill
C-ES7084R,simple,Vibrant Blue - Refill
C-ES7088R,simple,Soft Aqua - Frost - Refill
C-ES7089R,simple,Forest - Pearl - Refill
C-ES7090R,simple,Parrot - Frost - Refill
C-ES7091R,simple,Jade - Pearl - Refill
C-ES7092R,simple,Emerald Fantasy - Refill
C-ES7094R,simple,Satan Green - Refill
C-ES7095R,simple,Ireland - Frost - Refill
C-ES7096R,simple,Lemon - Matte - Refill
C-ES7099R,simple,Sage - Matte - Refill
C-ES7101R,simple,Dove - Matte - Refill
C-ES7103R,simple,Regal Matte - Refill
C-ES7107R,simple,Baby Pink - Refill
C-ES7201R,simple,White Frost - Refill
C-ES7202R,simple,Graphite - Pearl - Refill
C-ES7203R,simple,Virgin - Refill
C-ES7204R,simple,Butter Cup - Refill
C-ES7205R,simple,Atlantis Blue - Refill
C-ES7206R,simple,Midnight Blue - Refill
C-ES7207R,simple,Day Light - Refill
C-ES7208R,simple,Slab - Matte - Refill
C-ES7209R,simple,Chocolate Satin - Refill
C-ES7211R,simple,Gold Nugget - Refill
C-ES7212R,simple,Rose Gold - Refill
C-ES7213R,simple,Cognac - Refill
C-ES7214R,simple,Half Baked - Refill
C-ES7215R,simple,Chiffon - Refill
C-ES7216R,simple,Creamy Kiss - Refill
C-ES7217R,simple,Khaki Bronze - Refill
C-ES7218R,simple,Baby Face - Refill
C-ES7219R,simple,Bamboo - Refill
C-ES7220R,simple,Crystal Pink - Refill
C-ES7221R,simple,Blunt - Refill
C-ES7222R,simple,Vintage Gold - Refill
C-ES7223R,simple,Misty Pink - Refill
C-ES7224R,simple,Pink Crush - Refill
C-ES7225R,simple,Irish Green - Refill
C-ES7226R,simple,Heaven - Refill
C-ES7227R,simple,Brown - Refill
C-ES7228R,simple,Amber - Refill
C-ES7229R,simple,Slate - Refill
C-ES7230R,simple,Poppy - Refill
C-ES7232R,simple,Dark Mocha Refill
C-ES7233R,simple,Medium Roast - Refill
C-ES7234R,simple,Black Out - Refill
C-ES7235R,simple,Straw Yellow - Refill
C-ES7236R,simple,Goldilocks - Refill
C-ES7237R,simple,Celestial Beige - Refill
C-ES7238R,simple,Sand Castle - Refill
C-ES7239R,simple,Omega - Refill
C-ES7240R,simple,Amber Brown - Refill
C-ES7241R,simple,Latte - Refill
C-ES7242R,simple,Bake Sale - Refill
C-ES7243R,simple,Steel - Refill
C-ES7244R,simple,Fairy Princess with Glitter - Refill
C-ES7245R,simple,Crystal Vallina with Glitter - Refill
C-ES7246R,simple,Steel Metallic With Glitter - Refill
C-ES7247R,simple,Celestial Blue - Refill
C-ES7248R,simple,Love Song - Refill
C-ES7249R,simple,Coffee Break - Refill
C-ES7250R,simple,Misty Green - Refill
C-ES7251R,simple,Deep Violet - Refill
C-ES7252R,simple,Star Violet With Glitter - Refill
C-ES7254R,simple,Toast - Refill
C-ES7255R,simple,Starry Night With Glitter - Refill
C-ES7257R,simple,Mildew - Refill
C-ES7258R,simple,Bordello - Refill
C-ES7259R,simple,Loaded - Refill
C-ES7260R,simple,Smog - Refill
C-ES7261R,simple,Golden Rod - Refill
C-ES7262R,simple,Turquoise - Refill
C-ES7263R,simple,After Noon Delight - Refill
C-ES7264R,simple,Kush - Refill
C-ES7267R,simple,Desert Rose - Refill
C-ES7268R,simple,Sailor Kiss - Refill
C-ES7269R,simple,Paradise Sky - Refill
C-ES7270R,simple,Creamy Green - Refill
C-ES7271R,simple,Grass - Refill
C-ES7272R,simple,Teal Blue - Refill
C-ES7273R,simple,Fusain - Refill
C-ES7274R,simple,Purple Rain - Refill
C-ES7276R,simple,Salmon - Refill
C-ES7277R,simple,Espresso Refill
C-ES7278R,simple,Deep Teal - Refill
C-ES7279R,simple,Deep Truth - Refill
C-ES7280R,simple,Sea Blue - Refill
C-ES7281R,simple,Opulence - Refill
C-ES7282R,simple,Oceana - Refill
C-ES7303R,simple,Irish - Refill
C-ES7309R,simple,Barney - Refill
C-ES7310R,simple,Brodie Brown - Refill
C-ES7312R,simple,Brave - Refill
C-ES7313R,simple,Beloved - Refill
C-ES7314R,simple,Bella - Refill
C-ES7315R,simple,Beyond - Refill
C-ES7316R,simple,Star Light - Refill
C-ES7317R,simple,Sky - Refill
C-ES7318R,simple,Burnt orange - Refill
C-ES7319R,simple,Allure - Refill
C-ES7320R,simple,Shadow Lady - Refill
C-B191R,simple,Refil - B191 PPowder Bronzer 191
C-B193R,simple,Refill - B193 PPowder Bronzer 193
C-B194R,simple,Refill - Bronzer 194 - 10g
C-B20R,simple,Refill - B20 PPowder Bronzer 20
C-DBDR,simple,Refill - Duo Bronzer Dark Half Moon
C-DBLR,simple,Refill - Duo Bronzer Light Half Moon
C-B191C,simple,Compact - B191 PPowder Bronzer 191
C-B193C,simple,Compact - B193 PPowder Bronzer 193
C-B194C,simple,Compact - Bronzer 194 - 10g
C-B20C,simple,Compact - B20 PPowder Bronzer 20
C-DBDC,simple,Compact - Duo Bronzer Dark Half Moon
C-DBLC,simple,Compact - Duo Bronzer Light Half Moon
C-REM50,simple,Reviving Eucalyptus Mist 50ml
C-RNM50,simple,Rose Nourishing Mist
C-SLM50,simple,Soothing Lavender Mist
C-CP-30,simple,HD Perfect Canvas Primer 30 ml
C-H20/30,simple,30ml H2O Primer - Normal to Dry
C-SGCPC,simple,Compact - Sheer Glo Crushed Pearl PP
C-SGPC,simple,Compact - Sheer Glow -Pearl C
C-SGPIC,simple,Compact - Sheer Glo - Pearl Intense Dark PP
C-SGPLC,simple,Compact - Sheer Glow -Platinum C
C-SGRGC,simple,Compact - Sheer Glow -Rusty gold C
C-SGSKC,simple,Compact - Sheer Glo Sun Kiss PP
C-SGCPR,simple,Refill - Sheer Glo Crushed Pearl PP
C-SGSKR,simple,Refill - Sheer Glo Sun Kiss PP
C-SGPR,simple,Refill - Sheer Glow -Pearl C
C-SGRGR,simple,Refilll - Sheer Glow -Rusty gold C
C-SGPLR,simple,Refill - Sheer Glow -Platinum C
C-SGPIR,simple,Refill - Sheer Glo - Pearl Intense Dark PP
C-BF50S,simple,Brow Fixx 50 Shades
C-BFAIO,simple,Brow Fixx All in One
C-BFB,simple,Brow Fixx Black
C-BFBR,simple,Brow Fixx Brown
C-BFDC,simple,Brow Fixx Dark Chocolate
C-BFM,simple,Brow Fix Midnight Sky
C-GL10-GLSTND P,simple,GL10 Glitter Dust Silver - Standard Packaging
C-GL12-GLSTND P,simple,GL12 Glitter Dust Copper - Standard Packaging
C-GL14-GLSTND P,simple,GL14 Glitter Dust Ruby Red - Standard Packaging
C-GL15-GLSTND P,simple,GL15 Glitter Dust Galaxy - Standard Packaging
C-GL16-GLSTND P,simple,GL16 Glitter Dust Lava - Standard Packaging
C-GL17-GLSTND P,simple,GL17 Glitter Dust Pinky - Standard Packaging
C-GL18-GLSTND P,simple,GL18 Glitter Dust Rusty Gold - Standard Packaging
C-GL19-GLSTND P,simple,GL19Glitter Dust Ocean Blue - Standard Packaging
C-GL5-GLSTND P,simple,GL5 Glitter Dust Opal - Standard Packaging
C-GL6-GLSTND P,simple,GL6 Glitter 24k - Standard Packaging
C-GL8-GLSTND P,simple,GL8 Glitter Dust Aqumarine - Standard Packaging
C-GL9-GLSTND P,simple,GL9 Glitter Dust Amethyst - Standard Packaging
C-MD1-GLSTND P,simple,MD1 Mineral Dust Pearl White
C-MD10-GLSTND P,simple,MD10 Mineral Dust White Red
C-MD11-GLSTND P,simple,MD11 Mineral Dust Hot Pink
C-MD12-GLSTND P,simple,MD12 Mineral Dust Majestic Green
C-MD13-GLSTND P,simple,MD13 Mineral Dust Fine Gold
C-MD14-GLSTND P,simple,MD14 Mineral Dust Antique Bronze
C-MD15-GLSTND P,simple,MD15 Mineral Dust Antique Green
C-MD16-GLSTND P,simple,MD16 Mineral Dust Saphire
C-MD17-GLSTND P,simple,MD17 Mineral Dust Duo Chrome
C-MD18-GLSTND P,simple,MD18 Mineral Dust Jade
C-MD19-GLSTND P,simple,MD19 Mineral Dust Emerald
C-MD2-GLSTND P,simple,MD2 Mineral Dust Sun Stone
C-MD21-GLSTND P,simple,MD21 Mineral Dust Orange
C-MD22-GLSTND P,simple,MD22 Mineral Dust Silver Sea
C-MD23-GLSTND P,simple,MD23 Mineral Dust Deep Black
C-MD24-GLSTND P,simple,MD24 Mineral Dust Lilac
C-MD25-GLSTND P,simple,MD25 Mineral Dust Baby Blue
C-MD26-GLSTND P,simple,MD26 Mineral Dust Irridescent Red
C-MD27-GLSTND P,simple,MD27 Mineral Dust Pearly Pink
C-MD28-GLSTND P,simple,MD28 Mineral Dust Light Gold
C-MD29-GLSTND P,simple,MD29 Mineral Dust Misty Green
C-MD3-GLSTND P,simple,MD3 Mineral Dust Copper
C-MD30-GLSTND P,simple,MD30 Mineral Dust Slate
C-MD31-GLSTND P,simple,MD31 Mineral Dust Star Night With Glitter
C-MD32-GLSTND P,simple,MD32 Mineral Dust Lindin Green
C-MD4-GLSTND P,simple,MD4 Mineral Dust Violet
C-MD5-GLSTND P,simple,MD5 Mineral Dust Golden Bronze
C-MD6-GLSTND P,simple,MD6 Mineral Dust Garnet
C-MD7-GLSTND P,simple,MD7 Mineral Dust Blue
C-MD8-GLSTND P,simple,MD8 Mineral Dust Flambe
C-MD9-GLSTND P,simple,MD9 Mineral Dust Amber
C-ILLG,simple,15ml Gold Illuminator
C-ILLPL,simple,15ml Platinum Illuminator
C-ILLRG,simple,15ml Rusty Copper Illuminator
C-LG120-LGSTNDP,simple,Shy
C-LG121-LGSTNDP,simple,Cinnamon
C-LG122-LGSTNDP,simple,Rose
C-LG123-LGSTNDP,simple,Firedown
C-LG124-LGSTNDP,simple,Dazzle
C-LG125-LGSTNDP,simple,Princess
C-LG126-LGSTNDP,simple,Baby
C-LG127-LGSTNDP,simple,Love
C-LG128-LGSTNDP,simple,Peachy #2
C-LG129-LGSTNDP,simple,Naked
C-LG130-LGSTNDP,simple,Nude
C-LG131-LGSTNDP,simple,Romance
C-LG132-LGSTNDP,simple,Bliss
C-LG133-LGSTNDP,simple,Sherry
C-LG134-LGSTNDP,simple,Passion
C-LG135-LGSTNDP,simple,Slick
C-LG136-LGSTNDP,simple,Crystal Clear
C-LG137-LGSTNDP,simple,Prurple Haze
C-LG138-LGSTNDP,simple,Burnt Orange
C-LG139-LGSTNDP,simple,Cherry Red
C-LG140-LGSTNDP,simple,Gold Kisses
C-LG142-LGSTNDP,simple,Midnight Eclipse
C-LG143-LGSTNDP,simple,Tangerine
C-LG144-LGSTNDP,simple,Pure Nude
C-LG145-LGSTNDP,simple,Ravishing Pink
C-ES7001C,simple,Matte White - Compact (M)
C-ES7002C,simple,Tin Man - Pearl - Compact (P)
C-ES7011C,simple,Taupe - Pearl - Compact
C-ES7013C,simple,Teakwood - Frost - Compact
C-ES7015C,simple,Portobello - Matte - Compact
C-ES7021C,simple,Glimmer - Pearl - Compact
C-ES7023C,simple,Mahogany - Matte - Compact
C-ES7025C,simple,Au de Natural - Matte - Compact
C-ES7029C,simple,Sienna - Matte - Compact
C-ES7030C,simple,Cool Sand - Pearl - Compact
C-ES7033C,simple,Coyote - Pearl - Compact
C-ES7034C,simple,Brown - Pearl - Compact
C-ES7036C,simple,Vanilla Matte - Compact
C-ES7038C,simple,Gold Pearl - Pearl - Compact
C-ES7040C,simple,Gold - Pearl - Compact
C-ES7041C,simple,Canary Yellow - Matte - Compact
C-ES7042C,simple,Mango - Matte - Compact
C-ES7043C,simple,Sunny Orange - Pearl - Compact
C-ES7044C,simple,Palest Peach - Pearl - Compact
C-ES7045C,simple,Spring Peach - Matte - Compact
C-ES7048C,simple,Silky Coral - Matte - Compact
C-ES7050C,simple,Orange - Matte - Compact
C-ES7051C,simple,Cranberry - Pearl - Compact
C-ES7052C,simple,Sunset Rose - Matte - Compact
C-ES7053C,simple,Passion - Matte - Compact
C-ES7054C,simple,Hot Red - Matte - Compact
C-ES7055C,simple,Rich Mahogany - Compact
C-ES7058C,simple,Radical Pink - Compact
C-ES7059C,simple,Deep Pink - Matte - Compact
C-ES7061C,simple,Dubonnet - Matte - Compact
C-ES7065C,simple,Pale Pink - Matte - Compact
C-ES7068C,simple,Bittersweet Purple - Compact
C-ES7069C,simple,Butterfly Orchid - Compact
C-ES7070C,simple,Bellflower Purple Compact
C-ES7071C,simple,Powder Purple - Compact
C-ES7072C,simple,Purple Orchid - Compact
C-ES7073C,simple,Smokey Purple - Compact
C-ES7078C,simple,Deep French Blue - Compact
C-ES7081C,simple,Ocean Blue - Compact
C-ES7084C,simple,Vibrant Blue - Compact
C-ES7088C,simple,Soft Aqua - Frost - Compact
C-ES7089C,simple,Forest - Pearl - Compact
C-ES7090C,simple,Parrot - Frost - Compact
C-ES7091C,simple,Jade - Pearl - Compact
C-ES7092C,simple,Emerald Fantasy - Compact
C-ES7094C,simple,Satan Green - Compact
C-ES7095C,simple,Ireland - Frost - Compact
C-ES7096C,simple,Lemon - Matte - Compact
C-ES7099C,simple,Sage - Matte - Compact
C-ES7101C,simple,Dove - Matte - Compact
C-ES7103C,simple,Regal Matte - Compact
C-ES7107C,simple,Baby Pink - Compact
C-ES7201C,simple,White Frost - Compact
C-ES7202C,simple,Graphite - Pearl - Compact
C-ES7203C,simple,Virgin - Compact
C-ES7204C,simple,Butter Cup - Compact
C-ES7205C,simple,Atlantis Blue - Compact
C-ES7206C,simple,Midnight Blue - Compact
C-ES7207C,simple,Day Light - Compact
C-ES7208C,simple,Slab - Matte - Compact
C-ES7209C,simple,Chocolate Satin - Compact
C-ES7211C,simple,Gold Nugget - Compact
C-ES7212C,simple,Rose Gold - Compact
C-ES7213C,simple,Cognac - Compact
C-ES7214C,simple,Half Baked - Compact
C-ES7215C,simple,Chiffon - Compact
C-ES7216C,simple,Creamy Kiss - Compact
C-ES7217C,simple,Khaki Bronze - Compact
C-ES7218C,simple,Baby Face - Compact
C-ES7219C,simple,Bamboo - Compact
C-ES7220C,simple,Crystal Pink - Compact
C-ES7221C,simple,Blunt - Compact
C-ES7222C,simple,Vintage Gold - Compact
C-ES7223C,simple,Misty Pink - Compact
C-ES7224C,simple,Pink Crush - Compact
C-ES7225C,simple,Irish Green - Compact
C-ES7226C,simple,Heaven - Compact
C-ES7227C,simple,Brown - Compact
C-ES7228C,simple,Amber - Compact
C-ES7229C,simple,Slate - Compact
C-ES7230C,simple,Poppy - Compact
C-ES7232C,simple,Dark Mocha Compact
C-ES7233C,simple,Medium Roast - Compact
C-ES7234C,simple,Black Out - Compact
C-ES7235C,simple,Straw Yellow - Compact
C-ES7236C,simple,Goldilocks - Compact
C-ES7237C,simple,Celestial Beige - Compact
C-ES7238C,simple,Sand Castle - Compact
C-ES7239C,simple,Omega - Compact
C-ES7240C,simple,Amber Brown - Compact
C-ES7241C,simple,Latte - Compact
C-ES7242C,simple,Bake Sale - Compact
C-ES7243C,simple,Steel - Compact
C-ES7244C,simple,Fairy Princess with Glitter - Compact
C-ES7245C,simple,Crystal Vallina with Glitter - Compact
C-ES7246C,simple,Steel Metallic With Glitter - Compact
C-ES7247C,simple,Celestial Blue - Compact
C-ES7248C,simple,Love Song - Compact
C-ES7249C,simple,Coffee Break - Compact
C-ES7250C,simple,Misty Green - Compact
C-ES7251C,simple,Deep Violet - Compact
C-ES7252C,simple,Star Violet With Glitter - Compact
C-ES7254C,simple,Toast - Compact
C-ES7255C,simple,Starry Night With Glitter - Compact
C-ES7257C,simple,Mildew - Compact
C-ES7258C,simple,Bordello - Compact
C-ES7259C,simple,Loaded - Compact
C-ES7260C,simple,Smog - Compact
C-ES7261C,simple,Golden Rod - Compact
C-ES7262C,simple,Turquoise - Compact
C-ES7263C,simple,After Noon Delight - Compact
C-ES7264C,simple,Kush - Compact
C-ES7267C,simple,Desert Rose - Compact
C-ES7268C,simple,Sailor Kiss - Compact
C-ES7269C,simple,Paradise Sky - Compact
C-ES7270C,simple,Creamy Green - Compact
C-ES7271C,simple,Grass - Compact
C-ES7272C,simple,Teal Blue - Compact
C-ES7273C,simple,Fusain - Compact
C-ES7274C,simple,Purple Rain - Compact
C-ES7276C,simple,Salmon - Compact
C-ES7277C,simple,Espresso Compact
C-ES7278C,simple,Deep Teal - Compact
C-ES7279C,simple,Deep Truth - Compact
C-ES7280C,simple,Sea Blue - Compact
C-ES7281C,simple,Opulence - Compact
C-ES7282C,simple,Oceana - Compact
C-ES7303C,simple,Irish - Compact
C-ES7309C,simple,Barney - Compact
C-ES7310C,simple,Brodie Brown - Compact
C-ES7312C,simple,Brave - Compact
C-ES7313C,simple,Beloved - Compact
C-ES7314C,simple,Bella - Compact
C-ES7315C,simple,Beyond - Compact
C-ES7316C,simple,Star Light - Compact
C-ES7317C,simple,Sky - Compact
C-ES7318C,simple,Burnt orange - Compact
C-ES7319C,simple,Allure - Compact
C-ES7320C,simple,Shadow Lady - Compact
PL-SIAN-LPVI,simple,LP - Vibrato Dreamy Creamy 4K Lipwear
C-HDLWHT/15,simple,HD Liquid Foundation - White Adjuster 15ml
C-S6534,simple,Ageless Instant Lift
C-SC1546-8,simple,Aloe Vera Gel  8oz  w/cap
C-S6525-RG,simple,Anti Aging Serum 30ml- Rose Gold
C-S6526-30-RG,simple,Anti Aging Day Cream 30ml - Rose Gold
C-S6527-RG,simple,Anti Aging Night Cream 30ml - Rose Gold
C-S6517-RG,simple,Anti-Aging Eye Cream 15ml - Rose Gold
C-S6528-50-RG,simple,Face Moisturizing Cream 50ml - Rose Gold
C-S6525-BP,simple,Anti Aging Serum 30ml- Black Pearl
C-S6526-30-BP,simple,Anti Aging Day Cream 30ml - Black Pearl
C-S6527-BP,simple,Anti Aging Night Cream 30ml - Black Pearl
C-S6517-BP,simple,Anti-Aging Eye Cream 15ml - Black Pearl
C-S6528-50-BP,simple,Face Moisturizing Cream 50ml - Black Pearl
C-MOA128,simple,Massage Oil - Azulene - 128 oz / 1 gl
C-MOC128,simple,Massage Oil - clear- 128 oz / 1 gl
C-MOY128,simple,Massage Oil - Yellow - 128 oz / 1 gl
C-MC4,simple,Antioxidant Massage Cream 4oz
C-S6532-8,simple,Apricot  body scrub 8oz
C-S6532-32,simple,Apricot Body scrub 32 oz
FX-AQUA8,simple,Aqua Bamboo Sealer 8oz
FX-AQUA128,simple,Aqua Bamboo Sealer 128oz
C-SCCT4,simple,Carotene Foot Cream 4oz
C-WD201R,simple,Refill - WD201 Dual Powder Foundation 10g
C-WD200R,simple,Refill - WD200 Dual Powder Foundation 10g
C-WD210R,simple,Refill - WD210 Dual Powder Foundation Congac 10g
C-WD211R,simple,Refill - WD211 Dual Powder Foundation Medium Light Porcelian 10g
C-WD250R,simple,Refill - WD250 Dual Powder Foundation Light Ivory 10g
C-WD251R,simple,Refill - WD251 Dual Powder Foundation  Ivory 10g
C-WD252R,simple,Refill - WD252 Dual Powder Foundation  Medium Ivory 10g
C-WD253R,simple,Refill - WD253 Dual Powder Foundation Medium Tan10g
C-WD255R,simple,Refill - WD255 Dual Powder Foundation  Almond 10g
C-WD256R,simple,Refill - WD256 Dual Powder Foundation Golden Honey 10g
C-WD257R,simple,Refill - WD257 Dual Powder Foundation Honey Chesnut 10g
C-WD254R,simple,Refill - WD254 Dual Powder Foundation Tan
C-WD204R,simple,Refill - WD204 Dual Powder Foundation Dark Tan 10g
C-WD207R,simple,Refill - WD207 Dual Powder Foundation Caramel10g
C-WD203R,simple,Refill - WD203 Dual Powder Foundation Medium Beige10g
C-WD205R,simple,Refill - WD205 Dual Powder Foundation Mocha 10g
C-WD206R,simple,Refill - WD206 Dual Powder Foundation  Ebony 10g
C-WD208R,simple,Refill - WD208 Dual Powder Foundation Coffee Bean Refill
C-WD202R,simple,Refill - WD202 Dual Powder Foundation Porcelian 10g
C-WD209R,simple,Refill - WD209 Dual Powder Foundation Amber 10g
C-WD212R,simple,Refill - WD212 Dual Powder Foundation Medium Porcelian 10g
C-CP751R,simple,Refill - C751 Concealer Pot Ivory
C-CP707R,simple,Refill - C707 Concealer Pot Caramel
C-CP700R,simple,Refill - C700 Concealer Pot Extra Light Porcelain
C-CP701R,simple,Refill - C701 Concealer Pot Light Porcelain
C-CP702R,simple,Refill - C702 Concealer Pot Porcelain
C-CP703R,simple,Refill - C703 Concealer Pot Medium Beige
C-CP704R,simple,Refill - C704 Concealer Pot Dark Tan
C-CP705R,simple,Refill - C705 Concealer Pot Mocha
C-CP706R,simple,Refill - C706 Concealer Pot Ebony
C-CP708R,simple,Refill - C708 Concealer Pot Coffee Bean
C-CP709R,simple,Refill - C709 Concealer Pot Amber
C-CP750R,simple,Refill - C750 Concealer Pot Light Ivory
C-CP752R,simple,Refill - C752 Concealer Pot Medium Ivory
C-CP754R,simple,Refill - C754 Concealer Pot Tan
C-CP755R,simple,Refill - C755 Concealer Pot Almond
C-CP756R,simple,Refill - C756 Concealer Pot Golden Honey
C-CP757R,simple,Refill - C757 Concealer Pot Honey Chesnut
C-HDC401R,simple,HDC Foundation 10g Refill - 401 Light Porcelai
C-HDC402R,simple,HDC Foundation 10g Refill - 402 Porcelian 10g
C-HDC403R,simple,HDC Foundation 10g Refill  - 403 Medium Beige10g
C-HDC404R,simple,HDC Foundation 10g Refill  - 404  Dark Tan
C-HDC405R,simple,HDC Foundation 10g Refill - 405 Mocha 10g
C-HDC406R,simple,HDC Foundation 10g Refill - 406 Ebony 10g
C-HDC407R,simple,HDC Foundation 10g Refill - 407 Caramel10g
C-HDC408R,simple,HDC Foundation 10g Refill - 408 Coffee Bean 10g
C-HDC409R,simple,HDC Foundation 10g Refill - 409 Amber 10g
C-HDC410R,simple,HDC Foundation 10g Refill - 410 Congac 10g
C-HDC411R,simple,HDC Foundation 10g Refill - 411 Medium Light Porcelian 10g
C-HDC412R,simple,HDC Foundation 10g Refill - 412 Medium Porcelian 10g
C-HDC450R,simple,HDC Foundation 10g Refill - 450 Light Ivory 10g
C-HDC451R,simple,HDC Foundation 10g Refill - 451 Ivory 10g
C-HDC452R,simple,HDC Foundation 10g Refill - 452 Medium Ivory 10g
C-HDC453R,simple,HDC Foundation 10g Refill - 453 Medium Tan10g
C-HDC454R,simple,HCD Foundation 10g Refill - 454 Tan 10g
C-HDC455R,simple,HDC Foundation 10g Refill - 455 Almond 10g
C-HDC456R,simple,HDC Foundation 10g Refill - 456 Golden Honey 10g
C-HDC400R,simple,HDC Foundation 10g Refill - 400 Extra Light Porcelain
C-HDC457R,simple,HDC Foundation 10g Refill -  457 Honey Chesnut 10g
C-W5031,simple,Conceal Wheel (6) Corrector Wheel
C-W5032,simple,conceal wheel (6)Deep
C-CT1,simple,Concealor Tray (5)#1 - Secrete
C-CT2,simple,Concealor Tray (5)#2 - Perfect Face
C-CT3,simple,Concealor Tray (5)#3 - Hide Me
C-CT4,simple,Concealor Tray (5)#4 - Present
C-CT5,simple,Concealor Tray (5)#5 - Just right
C-CT1B,simple,Concealor Tray Black 5 Well Matt (5)#1
C-M201R,simple,Refill - M201 M Creme Shadow Misty Rose
C-M202R,simple,Refill - M202 M Creme Shadow Orchid
C-M203R,simple,Refill - M203 M Creme Shadow Seashell
C-M204R,simple,Refill - M204 M Creme Shadow Taupe
C-M205R,simple,Refill - M205 M Creme Shadow Mauve
C-M206R,simple,Refill - M206 M Creme Shadow Burnt Umber
C-M207R,simple,Refill - M207 M Creme Shadow Magenta
C-M208R,simple,Refill - M208 M Creme Shadow Light Denim
C-M209R,simple,Refill - M209 M Creme Shadow Grey Slate
C-M210R,simple,Refill - M210 M Creme Shadow Lilac
C-M211R,simple,Refill - M211 M Creme Shadow Copper
C-M212R,simple,Refill - M212 M Creme Shadow Apricot
C-M213R,simple,Refill - M213 M Creme Shadow Sienna
C-M214R,simple,Refill - M214 M Creme Shadow Salmon
C-M215R,simple,Refill - M215 M Creme Shadow Terra Cotta
C-M300R,simple,Refill - M300 M. Creme Blush Cinnabar
C-M301R,simple,Refill - M301 M. Creme Blush Ginger Beige
C-M302R,simple,Refill - M302 M. Creme Blush Cherise
C-M303R,simple,Refill - M303 M. Creme Blush Vermilion
C-M304R,simple,Refill - M304 M. Creme Blush Firebrick
C-M305R,simple,Refill - M305 M. Creme Blush Blossom
C-M306R,simple,Refill - M306 M. Creme Blush French Rosette
C-M307R,simple,Refill - M307 M. Magical Rose Creme Blush
C-M308R,simple,Refill - M308 M. Creme Blush Graceful
C-M311R,simple,Refill - M311 M. Creme Blush
C-M312R,simple,Refill - M312 M. Creme Blush
C-M313R,simple,Refill - M313 M. Creme Blush
C-M309R,simple,Refill - M309 M. Creme Blush Modish
C-M310R,simple,Refill - M310 M. Creme Blush Love
C-M201C,simple,Compact - M201 M Creme Shadow Misty Rose
C-M202C,simple,Compact - M202 M Creme Shadow Orchid
C-M203C,simple,Compact - M203 M Creme Shadow Seashell
C-M206C,simple,Compact - M206 M Creme Shadow Burnt Umber
C-M213C,simple,Compact - M213 M Creme Shadow Sienna
AC-D1000,simple,Display Case - Outer Box
AC-D1001,simple,Display Insert - Lipstick
AC-D1002,simple,Display Insert - Eyeshadow
AC-D1003,simple,Display Insert - Blush
AC-D1004,simple,"Display Insert - FO 30ml, BL, 58"
AC-D1005,simple,Display Insert - Color Wheels
AC-D1006,simple,Display Insert - Pencil
AC-D1007,simple,Display Insert - 30ml Bottle (12)
AC-D1008,simple,Display Insert - Shelf (2)
AC-D1010,simple,Display Insert - Inner Box
AC-D1011,simple,Display Insert - Airbrush #1
AC-D1012,simple,Display Insert - LipglossLiquid Lipstick
AC-D1013,simple,Display Insert - Air Brush #2
AC-D1015,simple,Display Insert - Shelf (3)
AC-D1016,simple,Display Insert#1 -Bronzer/Illuminator
AC-D1023,simple,Display Insert - Wet and Dry Insert (2 rows 58.5mm)
AC-D1024,simple,Display Insert - Glitter Dust
AC-D1034,simple,Display Insert - Brow Palette Sheer Glo and Mascara
AC-D1026,simple,Display Insert - Eyes/Brow
AC-D1027,simple,Display Insert #27 -5 20ml Bottle/14 8g Tube Containers
AC-D1028,simple,Display Insert #28 - Season Specials
AC-D1029,simple,Display Insert #29 - Large Palette
AC-D1035,simple,Large Display Palettes
AC-D1036,simple,Display Insert - Detailing Pallets
AC-D1037,simple,Display Insert - Concealer
AC-D1038,simple,Display Case - Primer
C-CIP,simple,Eye Color Intensifier
C-ES,simple,Eye Spy Primer 10ml
C-LSM,simple,Eyelash Serum 6g
C-ESPP,simple,Eyeshadow Primer Potion
C-SCGMR120,simple,Gentle Makeup Remover RMV 120ml
C-FA120,simple,Fast Action Makeup Remover 120ml
C-S6523-200,simple,Enriched Foaming CLeanser 200ml
C-HBM8,simple,Hand and Body Moisturizer 8oz
C-LPC,simple,Lip Plumper - All Natual Cinnamon 4ml
C-LPS,simple,Lip Plumper Strawberry 4ml
C-LS8069-LS GT,simple,8069 Lipstick - Radical Red - C - Gold Trim
C-LS8070-LSGT,simple,8070 Hot and Bothered - Gold Trim
C-LS8143-LSGT,simple,8143 Fusion - Gold Trim
C-LS8082-LSGT,simple,8082 Babie - C - Gold Trim
C-LS8114-LSGT,simple,8114 Shocking Pink - Gold Trim
C-LS8142-LSGT,simple,8142 Hello Pretty - Gold Trim
C-LS8110-LSGT,simple,8110 Diva - C - Gold Trim 8110
C-LS8077-LSGT,simple,8077 Bling Cherry  - C - Gold Trim
C-LS8158-LSGT,simple,8158 Lost - Gold Trim 8158
C-LS8084-LSGT,simple,8084 Pinky Red - M - Gold Trim
C-LS8106-LSGT,simple,8106 Bee Sting (C)
C-LS8063-LSGT,simple,8063 Red Coral (C)
C-LS8041-LSGT,simple,8041 Creamy Peach - Gold Trim
C-LS8043-LSGT,simple,8043 Burnt Peach C - Gold Trim
C-LS8044-LSGT,simple,8044 WildDragon - P - Gold Trim
C-LS8015-LSGT,simple,8015 Sedona - C - Gold Trim
C-LS8224-LSGT,simple,Cold Hearted (Cream Matte) - Gold Trim
C-LS8171-LSGT,simple,8171 Matte Lipstick Doll me up - Gold Trim
C-LS8013-LSGT,simple,8013 Lipstick - Twig
C-LS8122-LSGT,simple,8122 Purple Lushies - Gold Trim
C-LS8072-LSGT,simple,8072 Maralyn - M - Gold Trim
C-LS8120-LSGT,simple,8120 Fresh Lips - Gold Trim
C-LS8145-LSGT,simple,8145 Coral Bliss - Gold Trim
C-LS8196-LSGT,simple,8196 Heart Breaker - Gold Trim
C-LS8200-LSGT,simple,8200 Uptown Girl - Gold Trim 8200
C-LS8147-LSGT,simple,8147 Red Velvet - Gold Trim
C-LS8049-LSGT,simple,8049 Sun Kiss - C/P Gold Trim 8049
C-LS8198-LSGT,simple,8198 Russian Sensation - Gold Trim
C-LS8104-LSGT,simple,8104 Unforgettable - Gold Trim
C-LS8000-LSGT,simple,Lipstick - Vitamin E - M Gold Trim
C-LS8001-LSGT,simple,Gold Kiss - S/F Gold Trim
C-LS8002-LSGT,simple,Deep Gold - P Gold Trim
C-LS8004-LSGT,simple,Lipstick - Tinsel - P Gold Trim
C-LS8005-LSGT,simple,Pale Bronze - P Silver Colar
C-LS8008-LSGT,simple,Foxy Brown Gold Trim
C-LS8009-LSGT,simple,8009 Copper Rose - P - Gold Trim
C-LS8011-LSGT,simple,89% Chocolate - M Gold Trim
C-LS8012-LSGT,simple,Mink Brown - C - Gold Trim
C-LS8014-LSGT,simple,Sienna - C - Gold Trim
C-LS8016-LSGT,simple,Copper - P - Gold Trim
C-LS8017-LSGT,simple,Lipstick - Antique - P - Gold Trim
C-LS8018-LSGT,simple,Lipstick - Rondnoir Brown - P Gold Trim
C-LS8021-LSGT,simple,Gold Rose - C/P - Gold Trim
C-LS8022-LSGT,simple,Bronze - C/P - Gold Trim
C-LS8023-LSGT,simple,Hint of Rose - C/P - Gold Trim
C-LS8024-LSGT,simple,Dream - S/P - Gold Trim
C-LS8025-LSGT,simple,Insirpation - P - Gold Trim
C-LS8028-LSGT,simple,Lipstick - Creamy Amber C - Gold Trim
C-LS8029-LSGT,simple,Mahogany Cr√®me - Gold Trim
C-LS8031-LSGT,simple,Mocha Latte - C - Gold Trim
C-LS8030-LSGT,simple,Lipstick - Gold Trim
C-LS8032-LSGT,simple,Lipstick - Pearl Aubergine - P - Gold Trim
C-LS8033-LSGT,simple,Bunny Brown - C - Gold Trim
C-LS8037-LSGT,simple,Au De Natural - Gold Trim
C-LS8038-LSGT,simple,Charity - Gold Timr
C-LS8039-LSGT,simple,Lipstick - Believe - C - Gold Trim
C-LS8042-LSGT,simple,Dreamy Peach - Gold Trim
C-LS8047-LSGT,simple,Naked - C - Gold Trim
C-LS8048-LSGT,simple,Plush - C - Gold Trim
C-LS8050-LSGT,simple,S-Kiss - Gold Trim
C-LS8051-LSGT,simple,Lipstick - Sunset - C/P - Gold Trim
C-LS8052-LSGT,simple,Red Rock - C - Gold Trim
C-LS8053-LSGT,simple,Hint of Orange - F - Gold Trim
C-LS8054-LSGT,simple,Sheer Orange - S - Gold Trim
C-LS8055-LSGT,simple,Deep Orange - C - Gold Trim
C-LS8056-LSGT,simple,Lipstick - Tangerine -C - Gold Trim
C-LS8057-LSGT,simple,Pink Cloud - C/P - Gold Trim
C-LS8059-LSGT,simple,Orange Bloom - C - Gold Trim
C-LS8060-LSGT,simple,Ravishing Rose - P - Gold Trim
C-LS8061-LSGT,simple,Aubergine - C - Gold Trim
C-LS8062-LSGT,simple,Coral Shelly - C/P - Gold Trim
C-LS8065-LSGT,simple, Fire Red - M - Gold Trim
C-LS8067-LSGT,simple,Burnt Red - C - Gold Trim
C-LS8068-LSGT,simple,Rouge Cream - S/P - Gold Trim
C-LS8073-LSGT,simple,Blush - F - Gold Trim
C-LS8074-LSGT,simple,All night long - C - Gold Trim
C-LS8075-LSGT,simple,Raspberry Red - C - Gold Trim
C-LS8078-LSGT,simple,Raseberry Haze - Gold Trim
C-LS8079-LSGT,simple,Berry - AC - Gold Trim
C-LS8081-LSGT,simple,Spring Rose - C - Gold Trim
C-LS8083-LSGT,simple,Kitten Pink - C - Gold Trim
C-LS8086-LSGT,simple,Lipstick - Twiggy Pink - Gold Trim
C-LS8088-LSGT,simple,Rouge Rose - C - Gold Trim
C-LS8090-LSGT,simple,Deep Plum - C - Gold Trim
C-LS8092-LSGT,simple,Lipstick - Misty Pink - P - Gold Trim
C-LS8093-LSGT,simple,Dusty Rose - M - Gold Trim
C-LS8098-LSGT,simple,Future Pink - C/P - Gold Trim
C-LS8101-LSGT,simple,Plum Pink - C - Gold Trim
C-LS8102-LSGT,simple,Chardine - C - Gold Trim
C-LS8103-LSGT,simple,Booty Call - Gold Tirm
C-LS8105-LSGT,simple,Hotness Red P - Gold Trim
C-LS8107-LSGT,simple,Drive Him Crazy - P - Gold Trim
C-LS8108-LSGT,simple,One night Stand - P - Gold Trim
C-LS8109-LSGT,simple,Jealous - C - Gold Trim
C-LS8111-LSGT,simple,Vamp - C - Gold Trim
C-LS8112-LSGT,simple,Valuptious - C - Gold Trim
C-LS8113-LSGT,simple,Bubbly - C - Gold Trim
C-LS8115-LSGT,simple,Lipstick - Grape C/P - Gold Trim
C-LS8117-LSGT,simple,Rebelious - M - Gold Trim
C-LS8118-LSGT,simple,Black Berry - C - Gold Trim
C-LS8119-LSGT,simple,Lipstick - Cotton Candy - P - Gold Trim
C-LS8123-LSGT,simple,8123 Grapcicle - C/S - Gold Trim
C-LS8124-LSGT,simple,Lipstick - Faith - C - Gold Trim
C-LS8126-LSGT,simple,Captivating - Gold Trim
C-LS8130-LSGT,simple,Summer Time - C/P - Gold Trim
C-LS8133-LSGT,simple,Shimmer beige - Gold Trim
C-LS8134-LSGT,simple,Nude Cream - Gold Trim
C-LS8140-LSGT,simple,Lipstick - Snow White - Gold Trim
C-LS8141-LSGT,simple,Deep Black - Gold Trim
C-LS8144-LSGT,simple,8144 Fresh - Gold Trim
C-LS8146-LSGT,simple,Fabulous - Gold Trim
C-LS8148-LSGT,simple,Candy Land - Gold Trim
C-LS8149-LSGT,simple,Taupe - Gold Trim
C-LS8150-LSGT,simple,Lipstick - Desert Rose - Gold Trim
C-LS8152-LSGT,simple,Fashion Wear - Gold Trim
C-LS8153-LSGT,simple,Sensational - Gold Trim
C-LS8154-LSGT,simple,Dream Catcher - Gold Trim
C-LS8155-LSGT,simple,Heavenly - Gold Trim
C-LS8156-LSGT,simple,Purple Rain - Gold Trim
C-LS8157-LSGT,simple,Darling - Gold Trim
C-LS8159-LSGT,simple,Starlight - Gold Trim
C-LS8160-LSGT,simple,Bashful - Gold Trim
C-LS8161-LSGT,simple,Giggles - Gold Trim
C-LS8162-LSGT,simple,Fetish - Gold Trim
C-LS8163-LSGT,simple,Rain Maker - Gold Trim
C-LS8164-LSGT,simple,MamaMia - Gold Trim
C-LS8165-LSGT,simple,Topaz - M - Gold Trim
C-LS8166-LSGT,simple,Jersey Shore - Gold Trim
C-LS8167-LSGT,simple,Orange -M - Gold Trim
C-LS8168-LSGT,simple,Red - M - Gold Trim
C-LS8169-LSGT,simple,Red Devil - M - Gold Trim
C-LS8170-LSGT,simple,Purple Vibe - M - Gold Trim
C-LS8172-LSGT,simple,Magic - Gold Trim
C-LS8173-LSGT,simple,Girl Next Door - Gold Trim
C-LS8174-LSGT,simple,Clever - Gold Trim
C-LS8175-LSGT,simple,Sweet Boy - Gold Trim
C-LS8176-LSGT,simple,Pretty Tizzy - Gold Trim
C-LS8177-LSGT,simple,Bombshell - Gold Trim
C-LS8178-LSGT,simple,Gatsby - Gold Trim
C-LS8179-LSGT,simple,Brag - Gold Trim
C-LS8180-LSGT,simple,Moochie - Gold Trim
C-LS8181-LSGT,simple,Naked - M - Gold Trim
C-LS8182-LSGT,simple,Nude - M - Gold Trim
C-LS8183-LSGT,simple,Bright Pink -M - Gold Trim
C-LS8184-LSGT,simple,Bright Orange - M - Gold Trim
C-LS8185-LSGT,simple,Grey - M - Gold Trim
C-LS8186-LSGT,simple,Burgandy - M - Gold Trim
C-LS8187-LSGT,simple,Purple Orchid - M - Gold Trim
C-LS8188-LSGT,simple,Teddy - Gold Trim
C-LS8189-LSGT,simple,Pebbles - Gold Trim
C-LS8190-LSGT,simple,Utopia - Gold Trim
C-LS8191-LSGT,simple,Flag Ship - Gold Trim
C-LS8192-LSGT,simple,8192 Frenzy - Gold Trim
C-LS8193-LSGT,simple,Fairy - Gold Trim
C-LS8194-LSGT,simple,Bloomer - Gold Trim
C-LS8195-LSGT,simple,Bam Bam - Gold Trim
C-LS8197-LSGT,simple,Beauty Drug - Gold Colar
C-LS8201-LSGT,simple,Girl night Out - Gold Trim
C-LS8202-LSGT,simple,Dream Girl - Gold Trim
C-LS8203-LSGT,simple,Warmth - Gold Trim
C-LS8204-LSGT,simple,Day Dream - Gold Trim
C-LS8205-LSGT,simple,Lipstick - Love Fear - Gold Trim
C-LS8206-LSGT,simple,Sweet kiss - Gold Trim
C-LS8207-LSGT,simple,Immoral - Gold Trim
C-LS8208-LSGT,simple,8208 Slush - Gold Trim
C-LS8209-LSGT,simple,Pout - Gold Trim
C-LS8210-LSGT,simple,Shock - Gold Trim
C-LS8211-LSGT,simple,Breeze - Gold Trim
C-LS8212-LSGT,simple,Love - Gold Trim
C-LS8213-LSGT,simple,Wonder - Gold Trim
C-LS8214-LSGT,simple, 4430 Miracle - Gold Trim
C-LS8215-LSGT,simple,Sweet Heart - Gold Trim
C-LS8216-LSGT,simple,Lipstick - Girl Chat - Gold Trim
C-LS8217-LSGT,simple,Marvelous - Gold Trim
C-LS8218-LSGT,simple,Sloppy - Gold Trim
C-LS8219-LSGT,simple,Snog - Gold Trim
C-LS8221-LSGT,simple,8221 Soul - Gold Trim
C-LS8222-LSGT,simple,Ice Coral (Cream Matte) - Gold Trim
C-LS8223-LSGT,simple,Spell Bond (Cream Matte) - Gold Trim
C-LS8225-LSGT,simple,Naughty (Cream Matte) - Gold Trim
C-LS8226-LSGT,simple,Marine (Cream Matte) - Gold Trim
C-LS8227-LSGT,simple,Scandalous (Cream Matte) - Gold Trim
C-LS8229-LSGT,simple,Paradise Blue (Cream Matte) - Gold Trim
C-LS8230-LSGT,simple,Blue Moon (Cream Matte) - Gold Trim
C-LS8231-LSGT,simple,Ocean (Cream Matte) - Gold Trim
C-LS8232-LSGT,simple,Lipstick - Sugar Plum (Cream Matte) - Gold Trim
C-LS8233-LSGT,simple,AcidBerry (Cream Matte) - Gold Trim
C-LS8234-LSGT,simple,Lime Me Green (Cream Matte) - Gold Trim
C-LS8235-LSGT,simple,8235 Lipstick - Irish Pub (Cream Matte) - Gold Trim
C-LS8236-LSGT,simple,Gosh (Cream Matte) - Gold Trim
C-LS8237-LSGT,simple,Bubble Gum (Cream Matte) - Gold Trim
C-LS8238-LSGT,simple,Orange Sorbet (Cream Matte) - Gold Trim
C-LS8151-LSGT,simple,8151 Lipstick - Canyon GT
C-LS8030-LSSILVERC,simple,Lipstick - Silver Colar
C-LS8206-LSSILVERC,simple,Sweet kiss - Silver Colar
C-LS8207-LSSILVERC,simple,Immoral - Silver Colar
C-LS8217-LSSILVERC,simple,Marvelous - Silver Colar
C-LS8218-LSSILVERC,simple,Sloppy - Silver Colar
C-LS8219-LSSILVERC,simple,Snog - Silver Colar
C-LE3,simple,Liquid Eyeliner - Long Lasting Water Resistant
C-LL4500-SHNYBLKC,simple,4500 - Liquid Lipstick - All Natural
C-LL4502-SHNYBLKC,simple,4502 - Liquid Lipstick -  Angel
C-LL4501-SHNYBLKC,simple,4501 - Liquid Lipstick - - Dream
C-LL4503-SHNYBLKC,simple,4503 - Liquid Lipstick - Pink Pop
C-LL4504-SHNYBLKC,simple,4504 - Liquid Lipstick - - Love Bite
C-LL4505-SHNYBLKC,simple,4505 - Liquid Lipstick -  Charmed
C-LL4507-SHNYBLKC,simple,4507 Liquid Lipstick - Black Berry
C-LL4508-SHNYBLKC,simple,4508 Liquid Lipstick - Dream Girl
C-LL4509-SHNYBLKC,simple,4509 Liquid Lipstick - Fall In Love
C-LL4510-SHNYBLKC,simple,4510 Liquid Lipstick - Hot Lips
C-LL4511-SHNYBLKC,simple,4511 - Liquid Lipstick - Kiss Me
C-LL4512-SHNYBLKC,simple,4512 - Liquid Lipstick - Shocking Pink
C-LL4513-SHNYBLKC,simple,4513 - Liquid Lipstick - Gorgeous (Satin)
C-LL4514-SHNYBLKC,simple,4514 - Liquid Lipstick - Bam Bam (Satin)
C-LL4515-SHNYBLKC,simple,4515 - Liquid Lipstick - Snob (Satin)
C-LL4516-SHNYBLKC,simple,4516 - Liquid Lipstick - Amorous (Satin)
C-LL4517-SHNYBLKC,simple,4517 - Liquid Lipstick - Pebbles (Satin)
C-LL4518-SHNYBLKC,simple,4518 - Liquid Lipstick - Soul Mate
C-LL4519-SHNYBLKC,simple,4519 - Liquid Lipstick - Blue Moon
C-LL4520-SHNYBLKC,simple,4520  - Liquid Lipstick - Paradise Blue
C-LL4521-SHNYBLKC,simple,4521 - Liquid Lipstick - Scandalous
C-LL4522-SHNYBLKC,simple,4522 - Liquid Lipstick - Spell Bond
C-LL4523-SHNYBLKC,simple,4523 - Liquid Lipstick - Black
C-LL4524-SHNYBLKC,simple,4524 - Liquid Lipstick - Grey
C-LL4525-SHNYBLKC,simple,4525 - Liquid Lipstick - Tangerine Queen
C-LL4526-SHNYBLKC,simple,4526 - Liquid Lipstick - Speechless
C-LL4527-SHNYBLKC,simple,4527 - Liquid Lipstick - Fearless
C-LL4528-SHNYBLKC,simple,4528 - Liquid Lipstick - Stylish Girl
C-LL4529-SHNYBLKC,simple,4529 - Liquid Lipstick - Fashionable
C-LL4530-SHNYBLKC,simple,4530 - Liquid Lipstick - Hunter
C-LL4531-SHNYBLKC,simple,4531 - Liquid Lipstick - Sugar Plum
C-LL4532-SHNYBLKC,simple,4532 - Liquid Lipstick - City Girl
C-LL4533-SHNYBLKC,simple,4533 - Liquid Lipstick - Funtime
C-LL4534-SHNYBLKC,simple,4534 - Liquid Lipstick - Shallow Orchid
C-LL4535-SHNYBLKC,simple,4535 - Liquid Lipstick - Stunner
C-LL4536-SHNYBLKC,simple,4536 - Liquid Lipstick - Aphrodite
C-LL4537-SHNYBLKC,simple,4537 - Liquid Lipstick - Twitch
C-LL4539-SHNYBLKC,simple,4539 - Liquid Lipstick - Loving Red
C-LL4540-SHNYBLKC,simple,4540 - Liquid Lipstick - Bonfire
C-LL4541-SHNYBLKC,simple,4541 - Liquid Lipstick - Delighted
C-LL4542-SHNYBLKC,simple,4542 - Liquid Lipstick - Shy Girl
C-LL4543-SHNYBLKC,simple,4543 - Liquid Lipstick - - Adore
C-LL4544-SHNYBLKC,simple,4544  Liquid Lipstick Lavish
C-LL4545-SHNYBLKC,simple,4545 - Liquid Lipstick - Posh
C-LL4546-SHNYBLKC,simple,4546 - Liquid Lipstick - Nebula
C-LL4547-SHNYBLKC,simple,4547 - Liquid Lipstick - Sin City
C-LL4548-SHNYBLKC,simple,4548 - Liquid Lipstick - Baby Spice
C-LL4549-SHNYBLKC,simple,4549 - Liquid Lipstick - Supernova
C-LL4550-SHNYBLKC,simple,4550 - Liquid Lipstick - Fawn
C-LL4538-SILVERCAP,simple,4538 - Liquid Lipstick - Hypnotised
C-SIFI,simple,Set it N' Forget It Makeup Setting Spray
C-MS105,simple,MS105 Mascara White  Squeeze
C-MS106,simple,MS106 Mascara Brown Squeeze
C-MS107,simple,MS107 Mascara Navy  Squeeze
C-MS108,simple,MS108 Mascara Clear Squeeze
C-MS109,simple,MS109 Mascara Black Squeeze
C-MS110,simple,MS110 Mascara White  Wand
C-MS111,simple,MS111 Mascara Brown Wand
C-MS112,simple,MS112 Mascara Navy Wand
C-MS113,simple,MS113 Mascara Clear Wand
C-MS114,simple,MS114 Mascara Black Wand
C-GEBR,simple,EG1001 Gel Eyeliner Brown
C-GEEP,simple,EG1002 Gel Eyeliner Egg Plant
C-GEES,simple,EG1004 Gel Eyeliner Espresso
C-GEN,simple,EG1003 Gel Eyeliner Navy
C-GEW,simple,EG1005 Gel Eyeliner  white
C-GEDB,simple,EG1006 Gel Eyeliner - Dark Brown
C-GETB,simple,EG6092 Gel Eyeliner True Black
C-S6529-4,simple,Equa Derm Clay Mask 4 oz oily skin
C-S6530-4,simple,Sensi-Derm Clay Mask 4 oz combination skin
C-S6531-4,simple,Hydra-Derm Clay Mask 4 oz Normal to Dry skin
C-TSB250,simple,All Natural Turmeric Shea Butter 250g - Vanilla
C-SNPF4,simple,Pumice Foot Exfoliator 4oz
C-SPVC,simple,Skin Perfection Veil 20ml Clear
C-SPVM,simple,Skin Perfection Veil 20ml Medium
C-SPVL,simple,Skin Perfection Veil 20ml Light
C-SPVD,simple,Skin Perfection Veil 20ml Dark
C-SPVA,simple,Skin Perfection Veil 20ml Almond
C-SPVAM,simple,Skin Perfection Veil 20ml Amber
C-SSB,simple,All Natural Organic Coconut & Shea Butter Soap Bar 120g
C-STUM,simple,All Natural Turmeric Soap Bar 120g
C-SCH,simple,All Natural Charcoal Soap Bar 120g
C-SSF,simple,All Natural Sunflower/Vitamin E Soap Bar 120g
C-STT,simple,All Natural Tea Tree Soap Bar 120g
C-SEA,simple,All Natural Apricot Exfoliation Soap Soap Bar 120g
C-SLC,simple,All Natural Lime Citron Soap Bar 120g
C-S6533,simple,Sunflower Face Scrub 4oz
C-S6521FC,simple,Tea Tree Gel 8oz - Flip Cap
C-S6521,simple,Tea Tree oil Gel-8oz- w pump
C-S6521B,simple,Tea Tree oil Gel-128oz
C-SCSDT120,simple,Sensi-Derm Toner - 120ml Normal Skin
C-SCHDT120,simple,Hydra-Derm Toner 120ml Normal to Dry
C-SCED120,simple,Equa-Derm - Toner - 120ml Oily Skin
C-TPRF,simple,HD Translucent Powder (58mm) Refil
C-HDTP,simple,HD Translucent Pressed  Powder - Compact
C-S6504-250,simple,Wipe Off Makeup Remover 250ml
C-SKFL,simple,Sample Kit - Face - Light
C-SKFM,simple,Sample Kit - Face - Medium
C-SKFD,simple,Sample Kit - Face - Dark
C-SKLL,simple,Sample Kit - Liquid Lipstick 20pcs
C-SKLG,simple,Sample Kit - Lipgloss 20pcs
C-SKMM,simple,Sample Kit - Mix and Match Lips 20pcs
C-SKLS,simple,Sample Kit - Lipstick 20 pcs
C-SKGG,simple,Sample Kit - Galactic Gloss 11 pcs
C-SKEB,simple,Sample Kit - Eyes and Brows
C-SKSCAG,simple,Sample Kit - Skin Care Anti Aging
C-SKSC,simple,Sample Kit - Skin Care
PBB3DP,simple,Dual Powder 3 Well/10 Well Blush - Professional Black Box 
PK-PB1BL6,simple,Blush Palette  (6) - Professional Black Box 
PK-PB1CLC,simple,Professional Black Box Full Coverage Liquid Concealor
PK-PB1DP,simple,Professional Black Box Dual Powder
PK-PB1ES,simple,Professional Black Box Eyeshadow
PK-PB1GL,simple,Professional Black Box Glitter
PK-PB1HDL,simple,Professional Black Box HD Liquid Foundation 30ml
PK-PB1LG8,simple,Professional Black Box Lipgloss 8ml
PK-PB1LL4,simple,Professional Black Box Liquid Lipstick 4ml
PK-PB1LL8,simple,Professional Black Box Liquid Lipstick 8g
PK-PB1LS,simple,Professional Black Box Lipstick with Silver Ring 3g
PK-PB1LS2,simple,Professional Black Box Lipstick 3g
PK-PB1MAS,simple,Professional Black Box Mascara Silver Pacakging
PK-PB1SD,simple,Professional Black Box Shimmer Star Dust
PK-PB1SPV,simple,Professional Black Box Skin Perfecting Veil
PK-PBAS8,simple,Professional Black Box - Apricot Body Scrub
PK-PBB,simple,Professional Black Box Blush Container
PK-PBB12ES,simple,Professional Black Box Eyeshadow (12)
PK-PBBB,simple,Professional Black Box Bronzer
PK-PBBBC,simple,Professional Black Box BB Cream
PK-PBBBF,simple,Professional Black Brow Fix
PK-PBBBL10,simple,Professional Black Box Blush Palette (10)
PK-PBBCP,simple,Professional Black Box Canvas Primer
PK-PBBEP,simple,Professional Black Box - Eye Liner Pencil
PK-PBBH20,simple,Professional Black Box - H20 Primer
PK-PBBIL,simple,Professional Black Box Illuminator
PK-PBBLP,simple,Professional Black Box - Lip Pencil
PK-PBBLPC,simple,Professional Black Box Loose Powder 10g Clear Cap
PK-PBBMLB,simple,Professional Black Box MD Mineral Luminous Bronzer
PK-PBBSG,simple,Professional Black Box Sheer Glow
PK-PBBT3,simple,Professional Black Box - Blush Trio Palette
PK-PBCM3,simple, Professional Black Box Clay Mask
PK-PBCP,simple,Professional Black Box - Concealer Pot
PK-PBCS,simple,Professional Black Box - Corrector Stick
PK-PBEPP,simple,Professional Black Box Eye Primer Potion
PK-PBES,simple,Professional Black Box Eye Serum
PK-PBEST3,simple,Professional Black Box - Eyeshadow Trio Palette
PK-PBFA,simple,Professional Black Box Fast Action 120ml
PK-PBFC,simple,Professional Black Box Foaming Cleanser
PK-PBFM,simple,Professional Black Box Face Mist
PK-PBGE,simple,Professional Black Box Gel Eyeliner Box
PK-PBGG,simple,Professional Black Box - Galactic Gloss
PK-PBGMR,simple,Professional Black Box Gentle Makeup Remover
PK-PBKT,simple,Professional Black Box Kiss Tint
PK-PBLC,simple,Professional Black Box - Lip Conditioner
PK-PBLE,simple,Professional Black Box Liquid Eyeliner
PK-PBLP,simple,Professional Black Box Loose Powder 10g
PK-PBLP12,simple,Professional Black Box 10g (Black Cap)
PK-PBLP4,simple,Professional Black Box Lip Plumper
PK-PBLS,simple,Professional Black Box - Lip Scrub
PK-PBM,simple, Professional Black Box Spray Mask
PK-PBM1,simple,Professional Black Box - Mascara Black Packaging
PK-PBMCP,simple,Professional Black Mineral Cream Perfection
PK-PBP5W,simple,Professional Black Box - 5 Well Palette
PK-PBPAC,simple, Professional Black Box Proactive Acne Control
PK-PBPES28,simple,Professional Black Box ES Palette (28)
PK-PBSF4,simple,Professional Black Box - Sunflower Facial Scrub
PK-PBT,simple,Professional Black BoxToner 120ml
PK-PBTP,simple,Professional Black Box Translucent Powder 10g
PK-PBTSB8,simple,Professional Black Box - Turmeric Shea Butter
PL-RW-PKLLPBB,simple,Professional Black Box RW CO - Liquid Lipstick 8g
PK-PBS,simple,Professional Black Box - Soap
PK-PBCP-1,simple,Concealor Pot -  Professional Black Box
C-PPCL,simple,Customer Custom Label
C-S6523-50,simple,Enriched Foaming Cleanser 50ml
C-LL4500-SILVERCAP,simple,4500 - Liquid Lipstick - All Natural
C-LL4502-SILVERCAP,simple,4502 - Liquid Lipstick - Angel
C-LL4501-SILVERCAP,simple,4501 - Liquid Lipstick - Dream
C-LL4503-SILVERCAP,simple,4503 - Liquid Lipstick - Pink Pop
C-LL4504-SILVERCAP,simple,4504 - Liquid Lipstick - -Love Bite
C-LL4505-SILVERCAP,simple,4505 - Liquid Lipstick -  Charmed
C-LL4507-SILVERCAP,simple,4507 Liquid Lipstick - Black Berry
C-LL4508-SILVERCAP,simple,4508 Liquid Lipstick - Dream Girl
C-LL4509-SILVERCAP,simple,4509 Liquid Lipstick - Fall In Love
C-LL4510-SILVERCAP,simple,4510 Liquid Lipstick - Hot Lips
C-LL4511-SILVERCAP,simple,4511 - Liquid Lipstick - Kiss Me
C-LL4512-SILVERCAP,simple,4512 - Liquid Lipstick - Shocking Pink
C-LL4513-SILVERCAP,simple,4513 - Liquid Lipstick - Gorgeous (Satin)
C-LL4514-SILVERCAP,simple,4514 - Liquid Lipstick - Bam Bam (Satin)
C-LL4515-SILVERCAP,simple,4515 - Liquid Lipstick - Snob (Satin)
C-LL4516-SILVERCAP,simple,4516 - Liquid Lipstick - Amorous (Satin)
C-LL4517-SILVERCAP,simple,4517 - Liquid Lipstick - Pebbles (Satin)
C-LL4518-SILVERCAP,simple,4518 - Liquid Lipstick - Soul Mate
C-LL4519-SILVERCAP,simple,4519 - Liquid Lipstick - Blue Moon
C-LL4520-SILVERCAP,simple,4520 - Liquid Lipstick - Paradise Blue
C-LL4521-SILVERCAP,simple,4521 - Liquid Lipstick - Scandalous
C-LL4522-SILVERCAP,simple,4522 - Liquid Lipstick - Spell Bond
C-LL4523-SILVERCAP,simple,4523 - Liquid Lipstick - Black
C-LL4524-SILVERCAP,simple,4524 - Liquid Lipstick - Grey
C-LL4525-SILVERCAP,simple,4525 - Liquid Lipstick - Tangerine Queen
C-LL4526-SILVERCAP,simple,4526 - Liquid Lipstick - Speechless
C-LL4527-SILVERCAP,simple,4527 - Liquid Lipstick - Fearless
C-LL4528-SILVERCAP,simple,4528 - Liquid Lipstick - Stylish Girl
C-LL4529-SILVERCAP,simple,4529 - Liquid Lipstick - Fashionable
C-LL4530-SILVERCAP,simple,4530 - Liquid Lipstick - Hunter
C-LL4531-SILVERCAP,simple,4531 - Liquid Lipstick - Sugar Plum
C-LL4532-SILVERCAP,simple,4532 - Liquid Lipstick - City Girl
C-LL4533-SILVERCAP,simple,4533 - Liquid Lipstick - Funtime
C-LL4534-SILVERCAP,simple,4534 - Liquid Lipstick - Shallow Orchid
C-LL4535-SILVERCAP,simple,4535 - Liquid Lipstick - Stunner
C-LL4536-SILVERCAP,simple,4536 - Liquid Lipstick - Aphrodite
C-LL4537-SILVERCAP,simple,4537 - Liquid Lipstick - Twitch
C-LL4539-SILVERCAP,simple,4539 - Liquid Lipstick - Loving Red
C-LL4540-SILVERCAP,simple,4540 - Liquid Lipstick - Bonfire
C-LL4541-SILVERCAP,simple,4541 - Liquid Lipstick - Delighted
C-LL4542-SILVERCAP,simple,4542 - Liquid Lipstick - Shy Girl
C-LL4543-SILVERCAP,simple,4543 - Liquid Lipstick - - Adore
C-LL4544-SILVERCAP,simple,4544  Liquid Lipstick Lavish
C-LL4545-SILVERCAP,simple,4545 - Liquid Lipstick - Posh
C-LL4546-SILVERCAP,simple,4546 - Liquid Lipstick - Nebula
C-LL4547-SILVERCAP,simple,4547 - Liquid Lipstick - Sin City
C-LL4548-SILVERCAP,simple,4548 - Liquid Lipstick - Baby Spice
C-LL4549-SILVERCAP,simple,4549 - Liquid Lipstick - Supernova
C-LL4550-SILVERCAP,simple,4550 - Liquid Lipstick - Fawn
C-E103,simple,E103 Eye Pencil Expresso
C-E104,simple,E104 Eye Pencil Midnight Blue
C-E105,simple,E105 Eye Pencil Taupe
C-E106,simple,E106 Eye Pencil White
C-E107,simple,E107 Eye Pencil 24KT
C-E108,simple,E108 Eye Pencil Babe
C-E111,simple,E111 Eye Pencil Brown
C-E112,simple,E112 Eye Pencil Forest
C-E113,simple,E113 Eye Pencil Fur
C-E114,simple,E114 Eye Pencil Leaf
C-E115,simple,E115 Eye Pencil Stone
C-E116,simple,E116 Eye Pencil Velours
C-E92,simple,E92 Eye Pencil Black
C-E93,simple,E93 Eye Pencil Dark Brown
C-E94,simple,E94 Eye Pencil Emerald
C-E96,simple,E96 Eye Pencil Grape
C-E98,simple,E98 Eye Pencil Naked
C-EB102,simple,EB102 Brow Pencil Blonde
C-EB109,simple,EB109 Brow Pencil Dark
C-EB110,simple,EB110 Brow Pencil Grey
C-L100,simple,Lip Pencil 89% Chocolate
C-L101,simple,Lip Pencil Apricot
C-L102,simple,Lip Pencil Black Berry
C-L103,simple,Lip Pencil Blush
C-L104,simple,Lip Pencil Bubble
C-L105,simple,L105 Lip Pencil Electra
C-L106,simple,Lip Pencil Choco
C-L107,simple,Lip Pencil Cinnabun
C-L108,simple,Lip Pencil Digg It
C-L109,simple,Lip Pencil Flambe
C-L110,simple,Lip Pencil Golden
C-L111,simple,Lip Pencil Happy
C-L112,simple,Lip Pencil Hope
C-L113,simple,Lip Pencil Hot Lip's
C-L114,simple,Lip Pencil Kiss
C-L116,simple,Lip Pencil Mocha
C-L118,simple,Lip Pencil Raspberry
C-L119,simple,Lip Pencil Red Brick
C-L120,simple,Lip Pencil Smile
C-L121,simple,Lip Pencil Spun Silk
C-L122,simple,Lip Pencil Taffy
C-L123,simple,Lip Pencil Truffle
C-L124,simple,Lip Pencil Sandy
C-L125,simple,Lip Pencil Quartz
C-L126,simple,Lip Pencil Red wood
C-L127,simple,Lip Pencil Swirl
C-L128,simple,Lip Pencil Sangria
C-L129,simple,Lip Pencil Brownie
C-L130,simple,Lip Pencil Lux
C-L131,simple,Lip Pencil Poppy
C-L132,simple,Lip Pencil Crush
C-L133,simple,Lip Pencil So Pink
C-L134,simple,Lip Pencil Plum
C-L135,simple,Lip Pencil Glamour
C-L136,simple,Lip Pencil Terra
C-L137,simple,Lip Pencil Auburn
C-L51,simple,Lip Pencil Antique Rose
C-L52,simple,Lip Pencil Cherry
C-L53,simple,Lip Pencil Cinnamon
C-L54,simple,Lip Pencil Mango
C-L55,simple,Lip Pencil Maple
C-L56,simple,Lip Pencil Vermouth
C-L66,simple,Lip Pencil Apple
C-LEP01,simple,Lip and Eye Pencil - 01 Lilac
C-LEP02,simple,Lip and Eye Pencil - 02 Mauve
C-LEP03,simple,Lip and Eye Pencil - 03 Violet 2
C-LP100,simple,P63 Lip Pencil Nude
PL-SIAN-LPRAD,simple,LP - Radiance Dreamy Creamy 4K Lipwear
PL-SIAN-LPn,simple,LP - Nudism Dreamy Creamy 4K Lipwear
PL-SIAN-LPL,simple,LP - Lavish Dreamy Creamy 4K Lipwear
PL-SIAN-LPCOR,simple,LP - Coraline Dreamy Creamy 4K Lipwear
C-LS8069-LSGT,simple,8069 Lipstick - Radical Red - C - Gold Trim
C-S6528-50T,simple,Face Moisturizing Cream 50ml - Squeeze Tube
GD-PPCONCL19,virtual,Custom Label Graphic Design
GD-LOGO,virtual,Custom Logo Design Per Customers Requirement
GD-AWE,virtual,Artwork Editing $35/hour
GD-PCB,virtual,Custom Box Design
GD-C4,virtual,Catalogue - 4 Page
PLATE-1PPC,virtual,Pad Printing Charge Per Print
PLATE-1PP1TS,virtual,Pad Printing One Time Setup Fee - 4 Plates/Logo
PLATE-1PPSF,virtual,Pad Printing/Label Setup Fee¬†
GD-PPS,virtual,Professional Picture Swatch - 1
GD-PPLS,virtual,Professional picture Photography
GD-PPC,virtual,Professional Picture
GD-PPLSG,virtual,Professional picture Photography Group
PLATE-1PP1TS-1,virtual,One color logo
PLATE-1PP1TS2,virtual,Multi-color logo
