sku,name,configurable_variations
BB_CREAM,BB CREAM,"sku=C-BBCD,bb_cream_color=Dark|sku=C-BBCT,bb_cream_color=Tan|sku=C-BBCM,bb_cream_color=Med|sku=C-BBCL,bb_cream_color=Light"
blush_compact_color,Blush - Compact,"sku=C-B6022C,blush_compact_color=Blush - Compact - Autumn M|sku=C-B6043C,blush_compact_color=Blush - Compact - Blossom M|sku=C-B6027C,blush_compact_color=Blush - Compact - Burgandy Flame S|sku=C-B6074C,blush_compact_color=Blush - Compact - Burgandy Wine M|sku=C-B6039C,blush_compact_color=Blush - Compact - Caarmel Bliss S|sku=C-B6073C,blush_compact_color=Blush - Compact - Champagne Hilighter|sku=C-B6041C,blush_compact_color=Blush - Compact - Cinnamon Toast M|sku=C-B6001C,blush_compact_color=Blush - Compact - Contour M|sku=C-B6038C,blush_compact_color=Blush - Compact - Coral Kiss S|sku=C-B6020C,blush_compact_color=Blush - Compact - Coral M|sku=C-B6013C,blush_compact_color=Blush - Compact - Coral Silk M|sku=C-B6007C,blush_compact_color=Blush - Compact - Creamy Peach M|sku=C-B6030C,blush_compact_color=Blush - Compact - Dark Pink M|sku=C-B6032C,blush_compact_color=Blush - Compact - Deep Mario M|sku=C-B6006C,blush_compact_color=Blush - Compact - Desert Brown M|sku=C-B6042C,blush_compact_color=Blush - Compact - Dusty Rose M|sku=C-B6054C,blush_compact_color=Blush - Compact - Earth M|sku=C-B6024C,blush_compact_color=Blush - Compact - Fantastic Rose M|sku=C-B6011C,blush_compact_color=Blush - Compact - Golden Brown M|sku=C-B6012C,blush_compact_color=Blush - Compact - Hint of Color S|sku=C-B6049C,blush_compact_color=Blush - Compact - Ice Tea M|sku=C-B6031C,blush_compact_color=Blush - Compact - Magical Magenta M|sku=C-B6045C,blush_compact_color=Blush - Compact - Magical Pink M|sku=C-B6033C,blush_compact_color=Blush - Compact - Mauve M|sku=C-B6021C,blush_compact_color=Blush - Compact - Melon S|sku=C-B6037C,blush_compact_color=Blush - Compact - Mocha M|sku=C-B6058C,blush_compact_color=Blush - Compact - Nudeness M|sku=C-B6002C,blush_compact_color=Blush - Compact - Off White Madness M|sku=C-B6034C,blush_compact_color=Blush - Compact - Parfait Purple M|sku=C-B6009C,blush_compact_color=Blush - Compact - Passion Peach M|sku=C-B6015C,blush_compact_color=Blush - Compact - Peach M|sku=C-B6016C,blush_compact_color=Blush - Compact - Peachy Keen S|sku=C-B6055C,blush_compact_color=Blush - Compact - Peachy Penny M|sku=C-B6072C,blush_compact_color=Blush - Compact - Pinky Rose M|sku=C-B6008C,blush_compact_color=Blush - Compact - Pleasantly Fresh M|sku=C-B6028C,blush_compact_color=Blush - Compact - Powder Pink M|sku=C-B6035C,blush_compact_color=Blush - Compact - Radical Violet M|sku=C-B6053C,blush_compact_color=Blush - Compact - Rose Petal M|sku=C-B6026C,blush_compact_color=Blush - Compact - Rosey M|sku=C-B6050C,blush_compact_color=Blush - Compact - Rouge Rose M|sku=C-B6010C,blush_compact_color=Blush - Compact - Sandy Pearl M|sku=C-B6047C,blush_compact_color=Blush - Compact - Sex On the Beach M|sku=C-B6025C,blush_compact_color=Blush - Compact - Shimmering Pink G|sku=C-B6044C,blush_compact_color=Blush - Compact - Sizzled Red M|sku=C-B6014C,blush_compact_color=Blush - Compact - Sunset S|sku=C-B6019C,blush_compact_color=Blush - Compact - Sweet Kiss M|sku=C-B6040C,blush_compact_color=Blush - Compact - Touch of Spice M|sku=C-B6017C,blush_compact_color=Blush - Compact - Utopia Orange S|sku=C-B6051C,blush_compact_color=Blush - Compact - Warm Earth M|sku=C-B6046C,blush_compact_color=Blush - Compact - Warm Rose M|sku=C-B6000C,blush_compact_color=Blush - Compact Soft Contour M"
blush_refill_color,Blush - Refill,"sku=C-B6010R,blush_refill_color=Blush - Refill - Sandy Pearl M|sku=C-B6028R,blush_refill_color=Blush - Refill - Powder Pink M|sku=C-B6046R,blush_refill_color=Blush - Refill - Warm Rose M|sku=C-B6015R,blush_refill_color=Blush - Refill - Peach M|sku=C-B6034R,blush_refill_color=Blush - Refill - Parfait Purple M|sku=C-B6053R,blush_refill_color=Blush - Refill - Rose Petal M|sku=C-B6001R,blush_refill_color=Blush - Refill - Contour M|sku=C-B6021R,blush_refill_color=Blush - Refill - Melon S|sku=C-B6040R,blush_refill_color=Blush - Refill - Touch of Spice M|sku=C-B6073R,blush_refill_color=Blush - Refill - Champagne Hilighter|sku=C-B6009R,blush_refill_color=Blush - Refill - Passion Peach M|sku=C-B6027R,blush_refill_color=Blush - Refill - Burgandy Flame S|sku=C-B6045R,blush_refill_color=Blush - Refill - Magical Pink M|sku=C-B6014R,blush_refill_color=Blush - Refill - Sunset S|sku=C-B6033R,blush_refill_color=Blush - Refill - Mauve M|sku=C-B6051R,blush_refill_color=Blush - Refill - Warm Earth M|sku=C-B6000R,blush_refill_color=Blush - Refill Soft Contour M|sku=C-B6020R,blush_refill_color=Blush - Refill - Coral M|sku=C-B6039R,blush_refill_color=Blush - Refill - Caarmel Bliss S|sku=C-B6072R,blush_refill_color=Blush - Refill - Pinky Rose M|sku=C-B6008R,blush_refill_color=Blush - Refill - Pleasantly Fresh M|sku=C-B6026R,blush_refill_color=Blush - Refill - Rosey M|sku=C-B6044R,blush_refill_color=Blush - Refill - Sizzled Red M|sku=C-B6013R,blush_refill_color=Blush - Refill - Coral Silk M|sku=C-B6032R,blush_refill_color=Blush - Refill - Deep Mario M|sku=C-B6050R,blush_refill_color=Blush - Refill - Rouge Rose M|sku=C-B6019R,blush_refill_color=Blush - Refill - Sweet Kiss M|sku=C-B6038R,blush_refill_color=Blush - Refill - Coral Kiss S|sku=C-B6058R,blush_refill_color=Blush - Refill - Nudeness M|sku=C-B6007R,blush_refill_color=Blush - Refill - Creamy Peach M|sku=C-B6025R,blush_refill_color=Blush - Refill - Shimmering Pink G|sku=C-B6043R,blush_refill_color=Blush - Refill - Blossom M|sku=C-B6012R,blush_refill_color=Blush - Refill - Hint of Color S|sku=C-B6031R,blush_refill_color=Blush - Refill - Magical Magenta M|sku=C-B6049R,blush_refill_color=Blush - Refill - Ice Tea M|sku=C-B6017R,blush_refill_color=Blush - Refill - Utopia Orange S|sku=C-B6037R,blush_refill_color=Blush - Refill - Mocha M|sku=C-B6055R,blush_refill_color=Blush - Refill - Peachy Penny M|sku=C-B6006R,blush_refill_color=Blush - Refill - Desert Brown M|sku=C-B6024R,blush_refill_color=Blush - Refill - Fantastic Rose M|sku=C-B6042R,blush_refill_color=Blush - Refill - Dusty Rose M|sku=C-B6011R,blush_refill_color=Blush - Refill - Golden Brown M|sku=C-B6030R,blush_refill_color=Blush - Refill - Dark Pink M|sku=C-B6047R,blush_refill_color=Blush - Refill - Sex On the Beach M|sku=C-B6016R,blush_refill_color=Blush - Refill - Peachy Keen S|sku=C-B6035R,blush_refill_color=Blush - Refill - Radical Violet M|sku=C-B6054R,blush_refill_color=Blush - Refill - Earth M|sku=C-B6002R,blush_refill_color=Blush - Refill - Off White Madness M|sku=C-B6022R,blush_refill_color=Blush - Refill - Autumn M|sku=C-B6041R,blush_refill_color=Blush - Refill - Cinnamon Toast M|sku=C-B6074R,blush_refill_color=Blush - Refill - Burgandy Wine M"
Brow-Pencil,Brow Pencil,"sku=C-EB102,brow_pencil=EB102 Brow Pencil Blonde|sku=C-EB109,brow_pencil=EB109 Brow Pencil Dark|sku=C-EB110,brow_pencil=EB110 Brow Pencil Grey"
browfix_color,Brow Fix,"sku=C-BFBR,browfix_color=Brow Fixx Brown|sku=C-BFB,browfix_color=Brow Fixx Black|sku=C-BFAIO,browfix_color=Brow Fixx All in One|sku=C-BF50S,browfix_color=Brow Fixx 50 Shades|sku=C-BFM,browfix_color=Brow Fix Midnight Sky|sku=C-BFDC,browfix_color=Brow Fixx Dark Chocolate"
browfix_color-1,DEMO PRODUCT,"sku=C-BF50S,browfix_color=Brow Fixx 50 Shades|sku=C-BFM,browfix_color=Brow Fix Midnight Sky|sku=C-BFDC,browfix_color=Brow Fixx Dark Chocolate|sku=C-BFBR,browfix_color=Brow Fixx Brown|sku=C-BFB,browfix_color=Brow Fixx Black|sku=C-BFAIO,browfix_color=Brow Fixx All in One"
browfix_color-1-1,DEMO PRODUCT 2,"sku=C-BF50S,browfix_color=Brow Fixx 50 Shades|sku=C-BFM,browfix_color=Brow Fix Midnight Sky|sku=C-BFDC,browfix_color=Brow Fixx Dark Chocolate|sku=C-BFBR,browfix_color=Brow Fixx Brown|sku=C-BFB,browfix_color=Brow Fixx Black|sku=C-BFAIO,browfix_color=Brow Fixx All in One"
compact_bronzer_color,Compact Bronzer,"sku=C-B191C,compact_bronzer_color=Compact - B191 PPowder Bronzer 191|sku=C-DBLC,compact_bronzer_color=Compact - Duo Bronzer Light Half Moon|sku=C-DBDC,compact_bronzer_color=Compact - Duo Bronzer Dark Half Moon|sku=C-B20C,compact_bronzer_color=Compact - B20 PPowder Bronzer 20|sku=C-B194C,compact_bronzer_color=Compact - Bronzer 194 - 10g|sku=C-B193C,compact_bronzer_color=Compact - B193 PPowder Bronzer 193"
con_stick,Con Stick,"sku=C-CS301,constick_color=Con Stick Light Porcelain|sku=C-CS354,constick_color=Con Stick Tan|sku=C-CS306,constick_color=Con Stick Ebony|sku=C-CS311,constick_color=Con Stick Medium Light Porcelain|sku=C-CS300,constick_color=Con Stick Extra Light Porcelain|sku=C-CS353,constick_color=Con Stick Medium Tan|sku=C-CS305,constick_color=Con Stick Mocha|sku=C-CSL,constick_color=Con Stick Lilac|sku=C-CS310,constick_color=Con Stick Congac|sku=C-CS352,constick_color=Con Stick Medium Ivory|sku=C-CS304,constick_color=Con Stick Dark Tan|sku=C-CS357,constick_color=Con Stick Honey Chestnut|sku=C-CS309,constick_color=Con Stick Amber|sku=C-CS351,constick_color=Con Stick Ivory|sku=C-CS303,constick_color=Con Stick Medium Beige|sku=C-CS356,constick_color=Con Stick Golden Honey|sku=C-CS308,constick_color=Con Stick Coffee Bean|sku=C-CS350,constick_color=Con Stick Light Ivory|sku=C-CS302,constick_color=Corrector Stick Porcelain|sku=C-CS355,constick_color=Con Stick Almond|sku=C-CS307,constick_color=Con Stick Caramel|sku=C-CS312,constick_color=Con Stick Medium Porcelian"
concealer_pot,Concealer Pot,"sku=C-CP711,concealer_pot=C711 Medium Light Porcelain|sku=C-CP700,concealer_pot=C700 Extra Light Porcelain|sku=C-CP753,concealer_pot=C753 Medium Tan|sku=C-CP705,concealer_pot=C705 Mocha|sku=C-CP710,concealer_pot=C710 Cognac|sku=C-CP752,concealer_pot=C752 Medium Ivory|sku=C-CP704,concealer_pot=C704 Dark Tan|sku=C-CP757,concealer_pot=C757 Honey Chesnut|sku=C-CP709,concealer_pot=C709 Amber|sku=C-CP751,concealer_pot=C751 Ivory|sku=C-CP703,concealer_pot=C703 Medium Beige|sku=C-CP756,concealer_pot=C756 Golden Honey|sku=C-CP708,concealer_pot=C708 Coffee Bean|sku=C-CP750,concealer_pot=C750 Light Ivory|sku=C-CP702,concealer_pot=C702 Porcelain|sku=C-CP755,concealer_pot=C755 Almond|sku=C-CP707,concealer_pot=C707 Caramel|sku=C-CP712,concealer_pot=C712 Medium Porcelain|sku=C-CP701,concealer_pot=C701 Light Porcelain|sku=C-CP754,concealer_pot=C754 Tan|sku=C-CP706,concealer_pot=C706 Ebony"
Concealer_Pot_Refill,Concealer Pot Refill,"sku=C-CP702R,concealer_pot_refill=C702 Porcelain|sku=C-CP708R,concealer_pot_refill=C708 Coffee Bean|sku=C-CP755R,concealer_pot_refill=C755 Almond|sku=C-CP701R,concealer_pot_refill=C701 Light Porcelain|sku=C-CP706R,concealer_pot_refill=C706 Ebony|sku=C-CP754R,concealer_pot_refill=C754 Tan|sku=C-CP700R,concealer_pot_refill=C700 Extra Light Porcelain|sku=C-CP705R,concealer_pot_refill=C705 Mocha|sku=C-CP752R,concealer_pot_refill=C752 Medium Ivory|sku=C-CP707R,concealer_pot_refill=C707 Caramel|sku=C-CP704R,concealer_pot_refill=C704 Dark Tan|sku=C-CP750R,concealer_pot_refill=C750 Light Ivory|sku=C-CP751R,concealer_pot_refill=C751 Ivory|sku=C-CP757R,concealer_pot_refill=C757 Honey Chesnut|sku=C-CP703R,concealer_pot_refill=C703 Medium Beige|sku=C-CP709R,concealer_pot_refill=C709 Amber|sku=C-CP756R,concealer_pot_refill=C756 Golden Honey"
Eye-Pencil,Eye Pencil,"sku=C-E103,eye_pencil=E103 Eye Pencil Expresso|sku=C-E104,eye_pencil=E104 Eye Pencil Midnight Blue|sku=C-E106,eye_pencil=E106 Eye Pencil White|sku=C-E116,eye_pencil=E116 Eye Pencil Velours|sku=C-E105,eye_pencil=E105 Eye Pencil Taupe|sku=C-E107,eye_pencil=E107 Eye Pencil 24KT|sku=C-E108,eye_pencil=E108 Eye Pencil Babe|sku=C-E111,eye_pencil=E111 Eye Pencil Brown|sku=C-E112,eye_pencil=E112 Eye Pencil Forest|sku=C-E113,eye_pencil=E113 Eye Pencil Fur|sku=C-E114,eye_pencil=E114 Eye Pencil Leaf|sku=C-E115,eye_pencil=E115 Eye Pencil Stone|sku=C-E92,eye_pencil=E92 Eye Pencil Black|sku=C-E93,eye_pencil=E93 Eye Pencil Dark Brown|sku=C-E94,eye_pencil=E94 Eye Pencil Emerald|sku=C-E96,eye_pencil=E96 Eye Pencil Grape|sku=C-E98,eye_pencil=E98 Eye Pencil Naked"
eyeshadow_color,Eye Shadow Refill,"sku=C-ES7263R,eyeshadow_color=After Noon Delight - Refill|sku=C-ES7319R,eyeshadow_color=Allure - Refill|sku=C-ES7228R,eyeshadow_color=Amber - Refill|sku=C-ES7240R,eyeshadow_color=Amber Brown - Refill|sku=C-ES7205R,eyeshadow_color=Atlantis Blue - Refill|sku=C-ES7025R,eyeshadow_color=Au de Natural - Matte - Refill|sku=C-ES7218R,eyeshadow_color=Baby Face - Refill|sku=C-ES7107R,eyeshadow_color=Baby Pink - Refill|sku=C-ES7242R,eyeshadow_color=Bake Sale - Refill|sku=C-ES7219R,eyeshadow_color=Bamboo - Refill|sku=C-ES7309R,eyeshadow_color=Barney - Refill|sku=C-ES7314R,eyeshadow_color=Bella - Refill|sku=C-ES7070R,eyeshadow_color=Bellflower Purple Refill|sku=C-ES7313R,eyeshadow_color=Beloved - Refill|sku=C-ES7315R,eyeshadow_color=Beyond - Refill|sku=C-ES7068R,eyeshadow_color=Bittersweet Purple - Refill|sku=C-ES7234R,eyeshadow_color=Black Out - Refill|sku=C-ES7221R,eyeshadow_color=Blunt - Refill|sku=C-ES7258R,eyeshadow_color=Bordello - Refill|sku=C-ES7312R,eyeshadow_color=Brave - Refill|sku=C-ES7310R,eyeshadow_color=Brodie Brown - Refill|sku=C-ES7034R,eyeshadow_color=Brown - Pearl - Refill|sku=C-ES7227R,eyeshadow_color=Brown - Refill|sku=C-ES7318R,eyeshadow_color=Burnt orange - Refill|sku=C-ES7204R,eyeshadow_color=Butter Cup - Refill|sku=C-ES7069R,eyeshadow_color=Butterfly Orchid - Refill|sku=C-ES7041R,eyeshadow_color=Canary Yellow - Matte - Refill|sku=C-ES7237R,eyeshadow_color=Celestial Beige - Refill|sku=C-ES7247R,eyeshadow_color=Celestial Blue - Refill|sku=C-ES7215R,eyeshadow_color=Chiffon - Refill|sku=C-ES7209R,eyeshadow_color=Chocolate Satin - Refill|sku=C-ES7249R,eyeshadow_color=Coffee Break - Refill|sku=C-ES7213R,eyeshadow_color=Cognac - Refill|sku=C-ES7030R,eyeshadow_color=Cool Sand - Pearl - Refill|sku=C-ES7033R,eyeshadow_color=Coyote - Pearl - Refill|sku=C-ES7051R,eyeshadow_color=Cranberry - Pearl - Refill|sku=C-ES7270R,eyeshadow_color=Creamy Green - Refill|sku=C-ES7216R,eyeshadow_color=Creamy Kiss - Refill|sku=C-ES7220R,eyeshadow_color=Crystal Pink - Refill|sku=C-ES7245R,eyeshadow_color=Crystal Vallina with Glitter - Refill|sku=C-ES7232R,eyeshadow_color=Dark Mocha Refill|sku=C-ES7207R,eyeshadow_color=Day Light - Refill|sku=C-ES7078R,eyeshadow_color=Deep French Blue - Refill|sku=C-ES7059R,eyeshadow_color=Deep Pink - Matte - Refill|sku=C-ES7278R,eyeshadow_color=Deep Teal - Refill|sku=C-ES7279R,eyeshadow_color=Deep Truth - Refill|sku=C-ES7251R,eyeshadow_color=Deep Violet - Refill|sku=C-ES7267R,eyeshadow_color=Desert Rose - Refill|sku=C-ES7101R,eyeshadow_color=Dove - Matte - Refill|sku=C-ES7061R,eyeshadow_color=Dubonnet - Matte - Refill|sku=C-ES7092R,eyeshadow_color=Emerald Fantasy - Refill|sku=C-ES7277R,eyeshadow_color=Espresso Refill|sku=C-ES7244R,eyeshadow_color=Fairy Princess with Glitter - Refill|sku=C-ES7089R,eyeshadow_color=Forest - Pearl - Refill|sku=C-ES7273R,eyeshadow_color=Fusain - Refill|sku=C-ES7021R,eyeshadow_color=Glimmer - Pearl - Refill|sku=C-ES7040R,eyeshadow_color=Gold - Pearl - Refill|sku=C-ES7211R,eyeshadow_color=Gold Nugget - Refill|sku=C-ES7038R,eyeshadow_color=Gold Pearl - Pearl - Refill|sku=C-ES7261R,eyeshadow_color=Golden Rod - Refill|sku=C-ES7236R,eyeshadow_color=Goldilocks - Refill|sku=C-ES7202R,eyeshadow_color=Graphite - Pearl - Refill|sku=C-ES7271R,eyeshadow_color=Grass - Refill|sku=C-ES7214R,eyeshadow_color=Half Baked - Refill|sku=C-ES7226R,eyeshadow_color=Heaven - Refill|sku=C-ES7054R,eyeshadow_color=Hot Red - Matte - Refill|sku=C-ES7095R,eyeshadow_color=Ireland - Frost - Refill|sku=C-ES7303R,eyeshadow_color=Irish - Refill|sku=C-ES7225R,eyeshadow_color=Irish Green - Refill|sku=C-ES7091R,eyeshadow_color=Jade - Pearl - Refill|sku=C-ES7217R,eyeshadow_color=Khaki Bronze - Refill|sku=C-ES7264R,eyeshadow_color=Kush - Refill|sku=C-ES7241R,eyeshadow_color=Latte - Refill|sku=C-ES7096R,eyeshadow_color=Lemon - Matte - Refill|sku=C-ES7259R,eyeshadow_color=Loaded - Refill|sku=C-ES7248R,eyeshadow_color=Love Song - Refill|sku=C-ES7023R,eyeshadow_color=Mahogany - Matte - Refill|sku=C-ES7042R,eyeshadow_color=Mango - Matte - Refill|sku=C-ES7001R,eyeshadow_color=Matte White - Refill (M)|sku=C-ES7233R,eyeshadow_color=Medium Roast - Refill|sku=C-ES7206R,eyeshadow_color=Midnight Blue - Refill|sku=C-ES7257R,eyeshadow_color=Mildew - Refill|sku=C-ES7250R,eyeshadow_color=Misty Green - Refill|sku=C-ES7223R,eyeshadow_color=Misty Pink - Refill|sku=C-ES7081R,eyeshadow_color=Ocean Blue - Refill|sku=C-ES7282R,eyeshadow_color=Oceana - Refill|sku=C-ES7239R,eyeshadow_color=Omega - Refill|sku=C-ES7281R,eyeshadow_color=Opulence - Refill|sku=C-ES7050R,eyeshadow_color=Orange - Matte - Refill|sku=C-ES7065R,eyeshadow_color=Pale Pink - Matte - Refill|sku=C-ES7044R,eyeshadow_color=Palest Peach - Pearl - Refill|sku=C-ES7269R,eyeshadow_color=Paradise Sky - Refill|sku=C-ES7090R,eyeshadow_color=Parrot - Frost - Refill|sku=C-ES7053R,eyeshadow_color=Passion - Matte - Refill|sku=C-ES7224R,eyeshadow_color=Pink Crush - Refill|sku=C-ES7230R,eyeshadow_color=Poppy - Refill|sku=C-ES7015R,eyeshadow_color=Portobello - Matte - Refill|sku=C-ES7071R,eyeshadow_color=Powder Purple - Refill|sku=C-ES7072R,eyeshadow_color=Purple Orchid - Refill|sku=C-ES7274R,eyeshadow_color=Purple Rain - Refill|sku=C-ES7058R,eyeshadow_color=Radical Pink - Refill|sku=C-ES7103R,eyeshadow_color=Regal Matte - Refill|sku=C-ES7055R,eyeshadow_color=Rich Mahogany - Refill|sku=C-ES7212R,eyeshadow_color=Rose Gold - Refill|sku=C-ES7099R,eyeshadow_color=Sage - Matte - Refill|sku=C-ES7268R,eyeshadow_color=Sailor Kiss - Refill|sku=C-ES7276R,eyeshadow_color=Salmon - Refill|sku=C-ES7238R,eyeshadow_color=Sand Castle - Refill|sku=C-ES7094R,eyeshadow_color=Satan Green - Refill|sku=C-ES7280R,eyeshadow_color=Sea Blue - Refill|sku=C-ES7320R,eyeshadow_color=Shadow Lady - Refill|sku=C-ES7029R,eyeshadow_color=Sienna - Matte - Refill|sku=C-ES7048R,eyeshadow_color=Silky Coral - Matte - Refill|sku=C-ES7317R,eyeshadow_color=Sky - Refill|sku=C-ES7208R,eyeshadow_color=Slab - Matte - Refill|sku=C-ES7229R,eyeshadow_color=Slate - Refill|sku=C-ES7260R,eyeshadow_color=Smog - Refill|sku=C-ES7073R,eyeshadow_color=Smokey Purple - Refill|sku=C-ES7088R,eyeshadow_color=Soft Aqua - Frost - Refill|sku=C-ES7045R,eyeshadow_color=Spring Peach - Matte - Refill|sku=C-ES7316R,eyeshadow_color=Star Light - Refill|sku=C-ES7252R,eyeshadow_color=Star Violet With Glitter - Refill|sku=C-ES7255R,eyeshadow_color=Starry Night With Glitter - Refill|sku=C-ES7243R,eyeshadow_color=Steel - Refill|sku=C-ES7246R,eyeshadow_color=Steel Metallic With Glitter - Refill|sku=C-ES7235R,eyeshadow_color=Straw Yellow - Refill|sku=C-ES7043R,eyeshadow_color=Sunny Orange - Pearl - Refill|sku=C-ES7052R,eyeshadow_color=Sunset Rose - Matte - Refill|sku=C-ES7011R,eyeshadow_color=Taupe - Pearl - Refill|sku=C-ES7013R,eyeshadow_color=Teakwood - Frost - Refill|sku=C-ES7272R,eyeshadow_color=Teal Blue - Refill|sku=C-ES7002R,eyeshadow_color=Tin Man - Pearl - Refill (P)|sku=C-ES7254R,eyeshadow_color=Toast - Refill|sku=C-ES7262R,eyeshadow_color=Turquoise - Refill|sku=C-ES7036R,eyeshadow_color=Vanilla Matte - Refill|sku=C-ES7084R,eyeshadow_color=Vibrant Blue - Refill|sku=C-ES7222R,eyeshadow_color=Vintage Gold - Refill|sku=C-ES7203R,eyeshadow_color=Virgin - Refill|sku=C-ES7201R,eyeshadow_color=White Frost - Refill"
eyeshadow_compact_color,Eye Shadow Compact,"sku=C-ES7002C,eyeshadow_compact_color=Tin Man - Pearl - Compact (P)|sku=C-ES7043C,eyeshadow_compact_color=Sunny Orange - Pearl - Compact|sku=C-ES7070C,eyeshadow_compact_color=Bellflower Purple Compact|sku=C-ES7101C,eyeshadow_compact_color=Dove - Matte - Compact|sku=C-ES7216C,eyeshadow_compact_color=Creamy Kiss - Compact|sku=C-ES7233C,eyeshadow_compact_color=Medium Roast - Compact|sku=C-ES7249C,eyeshadow_compact_color=Coffee Break - Compact|sku=C-ES7269C,eyeshadow_compact_color=Paradise Sky - Compact|sku=C-ES7312C,eyeshadow_compact_color=Brave - Compact|sku=C-ES7023C,eyeshadow_compact_color=Mahogany - Matte - Compact|sku=C-ES7051C,eyeshadow_compact_color=Cranberry - Pearl - Compact|sku=C-ES7081C,eyeshadow_compact_color=Ocean Blue - Compact|sku=C-ES7204C,eyeshadow_compact_color=Butter Cup - Compact|sku=C-ES7221C,eyeshadow_compact_color=Blunt - Compact|sku=C-ES7238C,eyeshadow_compact_color=Sand Castle - Compact|sku=C-ES7255C,eyeshadow_compact_color=Starry Night With Glitter - Compact|sku=C-ES7274C,eyeshadow_compact_color=Purple Rain - Compact|sku=C-ES7317C,eyeshadow_compact_color=Sky - Compact|sku=C-ES7034C,eyeshadow_compact_color=Brown - Pearl - Compact|sku=C-ES7058C,eyeshadow_compact_color=Radical Pink - Compact|sku=C-ES7091C,eyeshadow_compact_color=Jade - Pearl - Compact|sku=C-ES7209C,eyeshadow_compact_color=Chocolate Satin - Compact|sku=C-ES7226C,eyeshadow_compact_color=Heaven - Compact|sku=C-ES7243C,eyeshadow_compact_color=Steel - Compact|sku=C-ES7261C,eyeshadow_compact_color=Golden Rod - Compact|sku=C-ES7280C,eyeshadow_compact_color=Sea Blue - Compact|sku=C-ES7001C,eyeshadow_compact_color=Matte White - Compact (M)|sku=C-ES7042C,eyeshadow_compact_color=Mango - Matte - Compact|sku=C-ES7069C,eyeshadow_compact_color=Butterfly Orchid - Compact|sku=C-ES7099C,eyeshadow_compact_color=Sage - Matte - Compact|sku=C-ES7215C,eyeshadow_compact_color=Chiffon - Compact|sku=C-ES7232C,eyeshadow_compact_color=Dark Mocha Compact|sku=C-ES7248C,eyeshadow_compact_color=Love Song - Compact|sku=C-ES7268C,eyeshadow_compact_color=Sailor Kiss - Compact|sku=C-ES7310C,eyeshadow_compact_color=Brodie Brown - Compact|sku=C-ES7021C,eyeshadow_compact_color=Glimmer - Pearl - Compact|sku=C-ES7050C,eyeshadow_compact_color=Orange - Matte - Compact|sku=C-ES7078C,eyeshadow_compact_color=Deep French Blue - Compact|sku=C-ES7203C,eyeshadow_compact_color=Virgin - Compact|sku=C-ES7220C,eyeshadow_compact_color=Crystal Pink - Compact|sku=C-ES7237C,eyeshadow_compact_color=Celestial Beige - Compact|sku=C-ES7254C,eyeshadow_compact_color=Toast - Compact|sku=C-ES7273C,eyeshadow_compact_color=Fusain - Compact|sku=C-ES7316C,eyeshadow_compact_color=Star Light - Compact|sku=C-ES7033C,eyeshadow_compact_color=Coyote - Pearl - Compact|sku=C-ES7055C,eyeshadow_compact_color=Rich Mahogany - Compact|sku=C-ES7090C,eyeshadow_compact_color=Parrot - Frost - Compact|sku=C-ES7208C,eyeshadow_compact_color=Slab - Matte - Compact|sku=C-ES7225C,eyeshadow_compact_color=Irish Green - Compact|sku=C-ES7242C,eyeshadow_compact_color=Bake Sale - Compact|sku=C-ES7260C,eyeshadow_compact_color=Smog - Compact|sku=C-ES7279C,eyeshadow_compact_color=Deep Truth - Compact|sku=C-ES7041C,eyeshadow_compact_color=Canary Yellow - Matte - Compact|sku=C-ES7068C,eyeshadow_compact_color=Bittersweet Purple - Compact|sku=C-ES7096C,eyeshadow_compact_color=Lemon - Matte - Compact|sku=C-ES7214C,eyeshadow_compact_color=Half Baked - Compact|sku=C-ES7230C,eyeshadow_compact_color=Poppy - Compact|sku=C-ES7247C,eyeshadow_compact_color=Celestial Blue - Compact|sku=C-ES7267C,eyeshadow_compact_color=Desert Rose - Compact|sku=C-ES7309C,eyeshadow_compact_color=Barney - Compact|sku=C-ES7015C,eyeshadow_compact_color=Portobello - Matte - Compact|sku=C-ES7048C,eyeshadow_compact_color=Silky Coral - Matte - Compact|sku=C-ES7073C,eyeshadow_compact_color=Smokey Purple - Compact|sku=C-ES7202C,eyeshadow_compact_color=Graphite - Pearl - Compact|sku=C-ES7219C,eyeshadow_compact_color=Bamboo - Compact|sku=C-ES7236C,eyeshadow_compact_color=Goldilocks - Compact|sku=C-ES7252C,eyeshadow_compact_color=Star Violet With Glitter - Compact|sku=C-ES7272C,eyeshadow_compact_color=Teal Blue - Compact|sku=C-ES7315C,eyeshadow_compact_color=Beyond - Compact|sku=C-ES7030C,eyeshadow_compact_color=Cool Sand - Pearl - Compact|sku=C-ES7054C,eyeshadow_compact_color=Hot Red - Matte - Compact|sku=C-ES7089C,eyeshadow_compact_color=Forest - Pearl - Compact|sku=C-ES7207C,eyeshadow_compact_color=Day Light - Compact|sku=C-ES7224C,eyeshadow_compact_color=Pink Crush - Compact|sku=C-ES7241C,eyeshadow_compact_color=Latte - Compact|sku=C-ES7259C,eyeshadow_compact_color=Loaded - Compact|sku=C-ES7278C,eyeshadow_compact_color=Deep Teal - Compact|sku=C-ES7320C,eyeshadow_compact_color=Shadow Lady - Compact|sku=C-ES7040C,eyeshadow_compact_color=Gold - Pearl - Compact|sku=C-ES7065C,eyeshadow_compact_color=Pale Pink - Matte - Compact|sku=C-ES7095C,eyeshadow_compact_color=Ireland - Frost - Compact|sku=C-ES7213C,eyeshadow_compact_color=Cognac - Compact|sku=C-ES7229C,eyeshadow_compact_color=Slate - Compact|sku=C-ES7246C,eyeshadow_compact_color=Steel Metallic With Glitter - Compact|sku=C-ES7264C,eyeshadow_compact_color=Kush - Compact|sku=C-ES7303C,eyeshadow_compact_color=Irish - Compact|sku=C-ES7013C,eyeshadow_compact_color=Teakwood - Frost - Compact|sku=C-ES7045C,eyeshadow_compact_color=Spring Peach - Matte - Compact|sku=C-ES7072C,eyeshadow_compact_color=Purple Orchid - Compact|sku=C-ES7201C,eyeshadow_compact_color=White Frost - Compact|sku=C-ES7218C,eyeshadow_compact_color=Baby Face - Compact|sku=C-ES7235C,eyeshadow_compact_color=Straw Yellow - Compact|sku=C-ES7251C,eyeshadow_compact_color=Deep Violet - Compact|sku=C-ES7271C,eyeshadow_compact_color=Grass - Compact|sku=C-ES7314C,eyeshadow_compact_color=Bella - Compact|sku=C-ES7029C,eyeshadow_compact_color=Sienna - Matte - Compact|sku=C-ES7053C,eyeshadow_compact_color=Passion - Matte - Compact|sku=C-ES7088C,eyeshadow_compact_color=Soft Aqua - Frost - Compact|sku=C-ES7206C,eyeshadow_compact_color=Midnight Blue - Compact|sku=C-ES7223C,eyeshadow_compact_color=Misty Pink - Compact|sku=C-ES7240C,eyeshadow_compact_color=Amber Brown - Compact|sku=C-ES7258C,eyeshadow_compact_color=Bordello - Compact|sku=C-ES7277C,eyeshadow_compact_color=Espresso Compact|sku=C-ES7319C,eyeshadow_compact_color=Allure - Compact|sku=C-ES7038C,eyeshadow_compact_color=Gold Pearl - Pearl - Compact|sku=C-ES7061C,eyeshadow_compact_color=Dubonnet - Matte - Compact|sku=C-ES7094C,eyeshadow_compact_color=Satan Green - Compact|sku=C-ES7212C,eyeshadow_compact_color=Rose Gold - Compact|sku=C-ES7228C,eyeshadow_compact_color=Amber - Compact|sku=C-ES7245C,eyeshadow_compact_color=Crystal Vallina with Glitter - Compact|sku=C-ES7263C,eyeshadow_compact_color=After Noon Delight - Compact|sku=C-ES7282C,eyeshadow_compact_color=Oceana - Compact|sku=C-ES7011C,eyeshadow_compact_color=Taupe - Pearl - Compact|sku=C-ES7044C,eyeshadow_compact_color=Palest Peach - Pearl - Compact|sku=C-ES7071C,eyeshadow_compact_color=Powder Purple - Compact|sku=C-ES7103C,eyeshadow_compact_color=Regal Matte - Compact|sku=C-ES7217C,eyeshadow_compact_color=Khaki Bronze - Compact|sku=C-ES7234C,eyeshadow_compact_color=Black Out - Compact|sku=C-ES7250C,eyeshadow_compact_color=Misty Green - Compact|sku=C-ES7270C,eyeshadow_compact_color=Creamy Green - Compact|sku=C-ES7313C,eyeshadow_compact_color=Beloved - Compact|sku=C-ES7025C,eyeshadow_compact_color=Au de Natural - Matte - Compact|sku=C-ES7052C,eyeshadow_compact_color=Sunset Rose - Matte - Compact|sku=C-ES7084C,eyeshadow_compact_color=Vibrant Blue - Compact|sku=C-ES7205C,eyeshadow_compact_color=Atlantis Blue - Compact|sku=C-ES7222C,eyeshadow_compact_color=Vintage Gold - Compact|sku=C-ES7239C,eyeshadow_compact_color=Omega - Compact|sku=C-ES7257C,eyeshadow_compact_color=Mildew - Compact|sku=C-ES7276C,eyeshadow_compact_color=Salmon - Compact|sku=C-ES7318C,eyeshadow_compact_color=Burnt orange - Compact|sku=C-ES7036C,eyeshadow_compact_color=Vanilla Matte - Compact|sku=C-ES7059C,eyeshadow_compact_color=Deep Pink - Matte - Compact|sku=C-ES7092C,eyeshadow_compact_color=Emerald Fantasy - Compact|sku=C-ES7211C,eyeshadow_compact_color=Gold Nugget - Compact|sku=C-ES7227C,eyeshadow_compact_color=Brown - Compact|sku=C-ES7244C,eyeshadow_compact_color=Fairy Princess with Glitter - Compact|sku=C-ES7262C,eyeshadow_compact_color=Turquoise - Compact|sku=C-ES7281C,eyeshadow_compact_color=Opulence - Compact"
Galactic_Gloss,Galactic Gloss,"sku=C-GG156,galactic_gloss_colours=Solar|sku=C-GG155,galactic_gloss_colours=SpaceSuit|sku=C-GG160,galactic_gloss_colours=Pluto|sku=C-GG154,galactic_gloss_colours=Luna|sku=C-GG157,galactic_gloss_colours=Venus|sku=C-GG153,galactic_gloss_colours=Neptune|sku=C-GG158,galactic_gloss_colours=Earth|sku=C-GG152,galactic_gloss_colours=Zodiac|sku=C-GG159,galactic_gloss_colours=OuterSpace"
Gel-Eyeliner,Gel Eyeliner,"sku=C-GEBR,gel_eyeliner=Brown|sku=C-GEDB,gel_eyeliner=Dark Brown|sku=C-GEW,gel_eyeliner=White|sku=C-GEN,gel_eyeliner=Navy|sku=C-GEES,gel_eyeliner=Espresso|sku=C-GEEP,gel_eyeliner=Egg Plant|sku=C-GETB,gel_eyeliner=True Black"
glitterdust_color,Glitter Dust - Standard Packaging,"sku=C-GL9-GLSTND P,glitter_color=GL9 Glitter Dust Amethyst - Standard Packaging|sku=C-GL10-GLSTND P,glitter_color=GL10 Glitter Dust Silver - Standard Packaging|sku=C-GL17-GLSTND P,glitter_color=GL17 Glitter Dust Pinky - Standard Packaging|sku=C-GL8-GLSTND P,glitter_color=GL8 Glitter Dust Aqumarine - Standard Packaging|sku=C-GL16-GLSTND P,glitter_color=GL16 Glitter Dust Lava - Standard Packaging|sku=C-GL6-GLSTND P,glitter_color=GL6 Glitter 24k - Standard Packaging|sku=C-GL15-GLSTND P,glitter_color=GL15 Glitter Dust Galaxy - Standard Packaging|sku=C-GL5-GLSTND P,glitter_color=GL5 Glitter Dust Opal - Standard Packaging|sku=C-GL14-GLSTND P,glitter_color=GL14 Glitter Dust Ruby Red - Standard Packaging|sku=C-GL19-GLSTND P,glitter_color=GL19Glitter Dust Ocean Blue - Standard Packaging|sku=C-GL12-GLSTND P,glitter_color=GL12 Glitter Dust Copper - Standard Packaging|sku=C-GL18-GLSTND P,glitter_color=GL18 Glitter Dust Rusty Gold - Standard Packaging"
HDC_Foundation,HDC Foundation,"sku=C-HDC411,face_colours=HDC Medium Light Porcelain|sku=C-HDC400,face_colours=HDC Extra Light Porcelain|sku=C-HDC453,face_colours=HDC Medium Tan|sku=C-HDC405,face_colours=HDC Mocha|sku=C-HDC410,face_colours=HDC Congac|sku=C-HDC452,face_colours=HDC Medium Ivory|sku=C-HDC404,face_colours=HDC Dark Tan|sku=C-HDC457,face_colours=HDC Honey Chesnut|sku=C-HDC409,face_colours=HDC Amber|sku=C-HDC451,face_colours=HDC Ivory|sku=C-HDC403,face_colours=HDC Medium Beige|sku=C-HDC456,face_colours=HDC Golden Honey|sku=C-HDC408,face_colours=HDC Coffee Bean|sku=C-HDC450,face_colours=HDC Light Ivory|sku=C-HDC402,face_colours=HDC Porcelain|sku=C-HDC455,face_colours=HDC Almond|sku=C-HDC407,face_colours=HDC Caramel|sku=C-HDC412,face_colours=HDC Medium Porcelian|sku=C-HDC401,face_colours=HDC Light Porcelain|sku=C-HDC454,face_colours=HDC Tan|sku=C-HDC406,face_colours=HDC Ebony"
HDC_Refill,HD Cream Foundation Refill,"sku=C-HDC410R,hdc_refill=Congac|sku=C-HDC452R,hdc_refill=Medium Ivory|sku=C-HDC404R,hdc_refill=Dark Tan|sku=C-HDC400R,hdc_refill=Extra Light Porcelain|sku=C-HDC409R,hdc_refill=Amber|sku=C-HDC451R,hdc_refill=Ivory|sku=C-HDC403R,hdc_refill=Medium Beige|sku=C-HDC456R,hdc_refill=Golden Honey|sku=C-HDC408R,hdc_refill=Coffee Bean|sku=C-HDC450R,hdc_refill=Light Ivory|sku=C-HDC402R,hdc_refill=Porcelain|sku=C-HDC455R,hdc_refill=Almond|sku=C-HDC407R,hdc_refill=Caramel|sku=C-HDC412R,hdc_refill=Medium Porcelain|sku=C-HDC401R,hdc_refill=Light Porcelain|sku=C-HDC454R,hdc_refill=Tan|sku=C-HDC406R,hdc_refill=Ebony |sku=C-HDC411R,hdc_refill=Medium Light Porcelain|sku=C-HDC453R,hdc_refill=Medium Tan|sku=C-HDC405R,hdc_refill=Mocha|sku=C-HDC457R,hdc_refill=Honey Chesnut"
hdl_foundation_15,HDL Foundation 15ml,"sku=C-HDL111/15,face_colours=HDL - Medium Light Porcelain - 15ml|sku=C-HDLGA/15,face_colours=HDL - Gold Adjuster - 15ml|sku=C-HDL100/15,face_colours=HDL - Extra Light Porcelain - 15ml|sku=C-HDL152/15,face_colours=HDL - Medium Ivory - 15ml|sku=C-HDL105/15,face_colours=HDL - Mocha - 15ml|sku=C-HDL157/15,face_colours=HDL - Golden Chesnut - 15ml|sku=C-HDL110/15,face_colours=HDL - Congac - 15ml|sku=C-HDLBEXT/15,face_colours=HDL - Adjuster - Black - 15ml|sku=C-HDL151/15,face_colours=HDL - Ivory - 15ml|sku=C-HDL104/15,face_colours=HDL - Dark Tan - 15ml|sku=C-HDL156/15,face_colours=HDL - Golden Honey - 15ml|sku=C-HDL109/15,face_colours=HDL - Amber - 15ml|sku=C-HDLAA/15,face_colours=HDL - Apricot Adjuster - 15ml|sku=C-HDL150/15,face_colours=HDL - Light Ivory - 15ml|sku=C-HDL103/15,face_colours=HDL - Medium Beige - 15ml|sku=C-HDL155/15,face_colours=HDL - Almond - 15ml|sku=C-HDL108/15,face_colours=HDL - Coffee Bean - 15ml|sku=C-HDL160/15,face_colours=HDL - Roasted Coffee - 15ml|sku=C-HDL113/15,face_colours=HDL - Coca - 15ml|sku=C-HDLW/15,face_colours=HDL - White Adjuster - 15ml|sku=C-HDL102/15,face_colours=HDL - Porcelain - 15ml|sku=C-HDL154/15,face_colours=HDL - Tan - 15ml|sku=C-HDL107/15,face_colours=HDL - Caramel - 15ml|sku=C-HDL159/15,face_colours=HDL - Sable - 15ml|sku=C-HDL112/15,face_colours=HDL - Medium Porcelain - 15ml|sku=C-HDLPA/15,face_colours=HDL - Peach Adjuster - 15ml|sku=C-HDL101/15,face_colours=HDL - Light Porcelain - 15ml|sku=C-HDL153/15,face_colours=HDL - Medium Tan - 15ml|sku=C-HDL106/15,face_colours=HDL - Ebony - 15ml|sku=C-HDL158/15,face_colours=HDL - Toasty Coffee - 15ml"
HDL_Foundation_30,HDL Foundation 30ml,"sku=C-HDL111/30,face_colours=Medium Light Porcelain - 30ml|sku=C-HDLGA/30,face_colours=Gold Adjuster - 30ml|sku=C-HDL100/30,face_colours=Extra Light Porcelain - 30ml|sku=C-HDL152/30,face_colours=Medium Ivory - 30ml|sku=C-HDL105/30,face_colours=Mocha - 30ml|sku=C-HDL157/30,face_colours=Golden Chesnut - 30ml|sku=C-HDL110/30,face_colours=Congac - 30ml|sku=C-HDLBEXT/30,face_colours=AdjusterBlack - 30ml|sku=C-HDL151/30,face_colours=Ivory - 30ml|sku=C-HDL104/30,face_colours=Dark Tan - 30ml|sku=C-HDL156/30,face_colours=Golden Honey - 30ml|sku=C-HDL109/30,face_colours=Amber - 30ml|sku=C-HDLAA/30,face_colours=Apricot Adjuster - 30ml|sku=C-HDL150/30,face_colours=Light Ivory - 30ml|sku=C-HDL103/30,face_colours=Medium Beige - 30ml|sku=C-HDL155/30,face_colours=Almond - 30ml|sku=C-HDL108/30,face_colours=Coffee Bean - 30ml|sku=C-HDL160/30,face_colours=Roasted Coffee - 30ml|sku=C-HDL113/30,face_colours=Coca - 30ml|sku=C-HDLW/30,face_colours=White Adjuster - 30ml|sku=C-HDL102/30,face_colours=Porcelain - 30ml|sku=C-HDL154/30,face_colours=Tan - 30ml|sku=C-HDL107/30,face_colours=Caramel - 30ml|sku=C-HDL159/30,face_colours=Sable - 30ml|sku=C-HDL112/30,face_colours=Medium Porcelain - 30ml|sku=C-HDLPA/30,face_colours=Peach Adjuster - 30ml|sku=C-HDL101/30,face_colours=Light Porcelain - 30ml|sku=C-HDL153/30,face_colours=Medium Tan - 30ml|sku=C-HDL106/30,face_colours=Ebony - 30ml|sku=C-HDL158/30,face_colours=Toasty Coffee - 30ml"
illuminator_color,Illuminator,"sku=C-ILLG,illuminator_color=15ml Gold Illuminator|sku=C-ILLPL,illuminator_color=15ml Platinum Illuminator|sku=C-ILLRG,illuminator_color=15ml Rusty Copper Illuminator"
Lip_Plumper,Lip Plumper,"sku=C-LPC,lip_plumper=All Natual Cinnamon|sku=C-LPS,lip_plumper=Strawberry"
Lip-Pencil,Lip Pencil,"sku=C-L101,lip_pencil=Lip Pencil Apricot|sku=C-L119,lip_pencil=Lip Pencil Red Brick|sku=C-L135,lip_pencil=Lip Pencil Glamour|sku=C-L106,lip_pencil=Lip Pencil Choco|sku=C-L124,lip_pencil=Lip Pencil Sandy|sku=C-L54,lip_pencil=Lip Pencil Mango|sku=C-L111,lip_pencil=Lip Pencil Happy|sku=C-L129,lip_pencil=Lip Pencil Brownie|sku=C-L100,lip_pencil=Lip Pencil 89% Chocolate|sku=C-L118,lip_pencil=Lip Pencil Raspberry|sku=C-L134,lip_pencil=Lip Pencil Plum|sku=C-L105,lip_pencil=Lip Pencil Electra|sku=C-L123,lip_pencil=Lip Pencil Truffle|sku=C-L53,lip_pencil=Lip Pencil Cinnamon|sku=C-L110,lip_pencil=Lip Pencil Golden|sku=C-L128,lip_pencil=Lip Pencil Sangria|sku=C-L116,lip_pencil=Lip Pencil Mocha|sku=C-L133,lip_pencil=Lip Pencil So Pink|sku=C-L104,lip_pencil=Lip Pencil Bubble|sku=C-L122,lip_pencil=Lip Pencil Taffy|sku=C-L52,lip_pencil=Lip Pencil Cherry|sku=C-L109,lip_pencil=Lip Pencil Flambe|sku=C-L127,lip_pencil=Lip Pencil Swirl|sku=C-L66,lip_pencil=Lip Pencil Apple|sku=C-L114,lip_pencil=Lip Pencil Kiss|sku=C-L132,lip_pencil=Lip Pencil Crush|sku=C-L103,lip_pencil=Lip Pencil Blush|sku=C-L121,lip_pencil=Lip Pencil Spun Silk|sku=C-L137,lip_pencil=Lip Pencil Auburn|sku=C-L108,lip_pencil=Lip Pencil Digg It|sku=C-L126,lip_pencil=Lip Pencil Red wood|sku=C-L56,lip_pencil=Lip Pencil Vermouth|sku=C-L113,lip_pencil=Lip Pencil Hot Lip's|sku=C-L131,lip_pencil=Lip Pencil Poppy|sku=C-L102,lip_pencil=Lip Pencil Black Berry|sku=C-L120,lip_pencil=Lip Pencil Smile|sku=C-L136,lip_pencil=Lip Pencil Terra|sku=C-L107,lip_pencil=Lip Pencil Cinnabun|sku=C-L125,lip_pencil=Lip Pencil Quartz|sku=C-L55,lip_pencil=Lip Pencil Maple|sku=C-L112,lip_pencil=Lip Pencil Hope|sku=C-L130,lip_pencil=Lip Pencil Lux"
lipconditioner_color,Lip Conditioner,"sku=C-LCD10B-GJ,lipconditioner_color=Lip Conditioner Blue RaspBerry|sku=C-LCD10V-GJ,lipconditioner_color=Lip Conditioner Vanilla|sku=C-LCD10S-GJ,lipconditioner_color=Lip Conditioner Strawberry|sku=C-LCD10P-GJ,lipconditioner_color=Lip Conditioner Pina Colada|sku=C-LCD10C-GJ,lipconditioner_color=Lip Conditioner Chocolate"
lipgloss_color,Lip Gloss,"sku=C-LG122-LGSTNDP,lipgloss_color=Rose|sku=C-LG138-LGSTNDP,lipgloss_color=Burnt Orange|sku=C-LG127-LGSTNDP,lipgloss_color=Love|sku=C-LG144-LGSTNDP,lipgloss_color=Pure Nude|sku=C-LG132-LGSTNDP,lipgloss_color=Bliss|sku=C-LG121-LGSTNDP,lipgloss_color=Cinnamon|sku=C-LG137-LGSTNDP,lipgloss_color=Prurple Haze|sku=C-LG126-LGSTNDP,lipgloss_color=Baby|sku=C-LG143-LGSTNDP,lipgloss_color=Tangerine|sku=C-LG131-LGSTNDP,lipgloss_color=Romance|sku=C-LG120-LGSTNDP,lipgloss_color=Shy|sku=C-LG136-LGSTNDP,lipgloss_color=Crystal Clear|sku=C-LG125-LGSTNDP,lipgloss_color=Princess|sku=C-LG142-LGSTNDP,lipgloss_color=Midnight Eclipse|sku=C-LG130-LGSTNDP,lipgloss_color=Nude|sku=C-LG135-LGSTNDP,lipgloss_color=Slick|sku=C-LG124-LGSTNDP,lipgloss_color=Dazzle|sku=C-LG140-LGSTNDP,lipgloss_color=Gold Kisses|sku=C-LG129-LGSTNDP,lipgloss_color=Naked|sku=C-LG134-LGSTNDP,lipgloss_color=Passion|sku=C-LG123-LGSTNDP,lipgloss_color=Firedown|sku=C-LG139-LGSTNDP,lipgloss_color=Cherry Red|sku=C-LG128-LGSTNDP,lipgloss_color=Peachy #2|sku=C-LG145-LGSTNDP,lipgloss_color=Ravishing Pink|sku=C-LG133-LGSTNDP,lipgloss_color=Sherry"
lipscrub_color,Lip Scrub,"sku=C-LSC10B-GJ,lipscrub_color=Lip Scrub Blue RaspBerry|sku=C-LSC10V-GJ,lipscrub_color=Lip Scrub Vanilla|sku=C-LSC10S-GJ,lipscrub_color=Lip Scrub Strawberry|sku=C-LSC10PC-GJ,lipscrub_color=Lip Scrub Pina Coloda|sku=C-LSC10C-GJ,lipscrub_color=Lip Scrub Chocolate"
Lipstick_Gold_Trim_Packaging,Lipstick Gold Trim Packaging,"sku=C-LS8070-LSGT,lipstick_gold_trim_packaging=8070 Hot and Bothered - Gold Trim|sku=C-LS8171-LSGT,lipstick_gold_trim_packaging=8171 Matte Lipstick Doll me up - Gold Trim|sku=C-LS8005-LSGT,lipstick_gold_trim_packaging=Pale Bronze - P Silver Colar|sku=C-LS8031-LSGT,lipstick_gold_trim_packaging=Mocha Latte - C - Gold Trim|sku=C-LS8056-LSGT,lipstick_gold_trim_packaging=Lipstick - Tangerine -C - Gold Trim|sku=C-LS8086-LSGT,lipstick_gold_trim_packaging=Lipstick - Twiggy Pink - Gold Trim|sku=C-LS8115-LSGT,lipstick_gold_trim_packaging=Lipstick - Grape C/P - Gold Trim|sku=C-LS8150-LSGT,lipstick_gold_trim_packaging=Lipstick - Desert Rose - Gold Trim|sku=C-LS8168-LSGT,lipstick_gold_trim_packaging=Red - M - Gold Trim|sku=C-LS8185-LSGT,lipstick_gold_trim_packaging=Grey - M - Gold Trim|sku=C-LS8205-LSGT,lipstick_gold_trim_packaging=Lipstick - Love Fear - Gold Trim|sku=C-LS8222-LSGT,lipstick_gold_trim_packaging=Ice Coral (Cream Matte) - Gold Trim|sku=C-LS8110-LSGT,lipstick_gold_trim_packaging=8110 Diva - C - Gold Trim 8110|sku=C-LS8145-LSGT,lipstick_gold_trim_packaging=8145 Coral Bliss - Gold Trim|sku=C-LS8014-LSGT,lipstick_gold_trim_packaging=Sienna - C - Gold Trim|sku=C-LS8038-LSGT,lipstick_gold_trim_packaging=Charity - Gold Timr|sku=C-LS8062-LSGT,lipstick_gold_trim_packaging=Coral Shelly - C/P - Gold Trim|sku=C-LS8098-LSGT,lipstick_gold_trim_packaging=Future Pink - C/P - Gold Trim|sku=C-LS8124-LSGT,lipstick_gold_trim_packaging=Lipstick - Faith - C - Gold Trim|sku=C-LS8156-LSGT,lipstick_gold_trim_packaging=Purple Rain - Gold Trim|sku=C-LS8174-LSGT,lipstick_gold_trim_packaging=Clever - Gold Trim|sku=C-LS8190-LSGT,lipstick_gold_trim_packaging=Utopia - Gold Trim|sku=C-LS8210-LSGT,lipstick_gold_trim_packaging=Shock - Gold Trim|sku=C-LS8229-LSGT,lipstick_gold_trim_packaging=Paradise Blue (Cream Matte) - Gold Trim|sku=C-LS8063-LSGT,lipstick_gold_trim_packaging=8063 Red Coral (C)|sku=C-LS8198-LSGT,lipstick_gold_trim_packaging=8198 Russian Sensation - Gold Trim|sku=C-LS8022-LSGT,lipstick_gold_trim_packaging=Bronze - C/P - Gold Trim|sku=C-LS8050-LSGT,lipstick_gold_trim_packaging=S-Kiss - Gold Trim|sku=C-LS8074-LSGT,lipstick_gold_trim_packaging=All night long - C - Gold Trim|sku=C-LS8107-LSGT,lipstick_gold_trim_packaging=Drive Him Crazy - P - Gold Trim|sku=C-LS8140-LSGT,lipstick_gold_trim_packaging=Lipstick - Snow White - Gold Trim|sku=C-LS8162-LSGT,lipstick_gold_trim_packaging=Fetish - Gold Trim|sku=C-LS8179-LSGT,lipstick_gold_trim_packaging=Brag - Gold Trim|sku=C-LS8195-LSGT,lipstick_gold_trim_packaging=Bam Bam - Gold Trim|sku=C-LS8215-LSGT,lipstick_gold_trim_packaging=Sweet Heart - Gold Trim|sku=C-LS8234-LSGT,lipstick_gold_trim_packaging=Lime Me Green (Cream Matte) - Gold Trim|sku=C-LS8069-LSGT,lipstick_gold_trim_packaging=8069 Lipstick - Radical Red - C - Gold Trim|sku=C-LS8224-LSGT,lipstick_gold_trim_packaging=Cold Hearted (Cream Matte) - Gold Trim|sku=C-LS8004-LSGT,lipstick_gold_trim_packaging=Lipstick - Tinsel - P Gold Trim|sku=C-LS8029-LSGT,lipstick_gold_trim_packaging=Mahogany Cr√®me - Gold Trim|sku=C-LS8055-LSGT,lipstick_gold_trim_packaging=Deep Orange - C - Gold Trim|sku=C-LS8083-LSGT,lipstick_gold_trim_packaging=Kitten Pink - C - Gold Trim|sku=C-LS8113-LSGT,lipstick_gold_trim_packaging=Bubbly - C - Gold Trim|sku=C-LS8149-LSGT,lipstick_gold_trim_packaging=Taupe - Gold Trim|sku=C-LS8167-LSGT,lipstick_gold_trim_packaging=Orange -M - Gold Trim|sku=C-LS8184-LSGT,lipstick_gold_trim_packaging=Bright Orange - M - Gold Trim|sku=C-LS8204-LSGT,lipstick_gold_trim_packaging=Day Dream - Gold Trim|sku=C-LS8221-LSGT,lipstick_gold_trim_packaging=8221 Soul - Gold Trim|sku=C-LS8151-LSGT,lipstick_gold_trim_packaging=8151 Lipstick - Canyon GT|sku=C-LS8142-LSGT,lipstick_gold_trim_packaging=8142 Hello Pretty - Gold Trim|sku=C-LS8120-LSGT,lipstick_gold_trim_packaging=8120 Fresh Lips - Gold Trim|sku=C-LS8012-LSGT,lipstick_gold_trim_packaging=Mink Brown - C - Gold Trim|sku=C-LS8037-LSGT,lipstick_gold_trim_packaging=Au De Natural - Gold Trim|sku=C-LS8061-LSGT,lipstick_gold_trim_packaging=Aubergine - C - Gold Trim|sku=C-LS8093-LSGT,lipstick_gold_trim_packaging=Dusty Rose - M - Gold Trim|sku=C-LS8123-LSGT,lipstick_gold_trim_packaging=8123 Grapcicle - C/S - Gold Trim|sku=C-LS8155-LSGT,lipstick_gold_trim_packaging=Heavenly - Gold Trim|sku=C-LS8173-LSGT,lipstick_gold_trim_packaging=Girl Next Door - Gold Trim|sku=C-LS8189-LSGT,lipstick_gold_trim_packaging=Pebbles - Gold Trim|sku=C-LS8209-LSGT,lipstick_gold_trim_packaging=Pout - Gold Trim|sku=C-LS8227-LSGT,lipstick_gold_trim_packaging=Scandalous (Cream Matte) - Gold Trim|sku=C-LS8106-LSGT,lipstick_gold_trim_packaging=8106 Bee Sting (C)|sku=C-LS8049-LSGT,lipstick_gold_trim_packaging=8049 Sun Kiss - C/P Gold Trim 8049|sku=C-LS8021-LSGT,lipstick_gold_trim_packaging=Gold Rose - C/P - Gold Trim|sku=C-LS8048-LSGT,lipstick_gold_trim_packaging=Plush - C - Gold Trim|sku=C-LS8073-LSGT,lipstick_gold_trim_packaging=Blush - F - Gold Trim|sku=C-LS8105-LSGT,lipstick_gold_trim_packaging=Hotness Red P - Gold Trim|sku=C-LS8134-LSGT,lipstick_gold_trim_packaging=Nude Cream - Gold Trim|sku=C-LS8161-LSGT,lipstick_gold_trim_packaging=Giggles - Gold Trim|sku=C-LS8178-LSGT,lipstick_gold_trim_packaging=Gatsby - Gold Trim|sku=C-LS8194-LSGT,lipstick_gold_trim_packaging=Bloomer - Gold Trim|sku=C-LS8214-LSGT,lipstick_gold_trim_packaging=4430 Miracle - Gold Trim|sku=C-LS8233-LSGT,lipstick_gold_trim_packaging=AcidBerry (Cream Matte) - Gold Trim|sku=C-LS8015-LSGT,lipstick_gold_trim_packaging=8015 Sedona - C - Gold Trim|sku=C-LS8002-LSGT,lipstick_gold_trim_packaging=Deep Gold - P Gold Trim|sku=C-LS8028-LSGT,lipstick_gold_trim_packaging=Lipstick - Creamy Amber C - Gold Trim|sku=C-LS8054-LSGT,lipstick_gold_trim_packaging=Sheer Orange - S - Gold Trim|sku=C-LS8081-LSGT,lipstick_gold_trim_packaging=Spring Rose - C - Gold Trim|sku=C-LS8112-LSGT,lipstick_gold_trim_packaging=Valuptious - C - Gold Trim|sku=C-LS8148-LSGT,lipstick_gold_trim_packaging=Candy Land - Gold Trim|sku=C-LS8166-LSGT,lipstick_gold_trim_packaging=Jersey Shore - Gold Trim|sku=C-LS8183-LSGT,lipstick_gold_trim_packaging=Bright Pink -M - Gold Trim|sku=C-LS8203-LSGT,lipstick_gold_trim_packaging=Warmth - Gold Trim|sku=C-LS8219-LSGT,lipstick_gold_trim_packaging=Snog - Gold Trim|sku=C-LS8238-LSGT,lipstick_gold_trim_packaging=Orange Sorbet (Cream Matte) - Gold Trim|sku=C-LS8114-LSGT,lipstick_gold_trim_packaging=8114 Shocking Pink - Gold Trim|sku=C-LS8072-LSGT,lipstick_gold_trim_packaging=8072 Maralyn - M - Gold Trim|sku=C-LS8011-LSGT,lipstick_gold_trim_packaging=89% Chocolate - M Gold Trim|sku=C-LS8033-LSGT,lipstick_gold_trim_packaging=Bunny Brown - C - Gold Trim|sku=C-LS8060-LSGT,lipstick_gold_trim_packaging=Ravishing Rose - P - Gold Trim|sku=C-LS8092-LSGT,lipstick_gold_trim_packaging=Lipstick - Misty Pink - P - Gold Trim|sku=C-LS8119-LSGT,lipstick_gold_trim_packaging=Lipstick - Cotton Candy - P - Gold Trim|sku=C-LS8154-LSGT,lipstick_gold_trim_packaging=Dream Catcher - Gold Trim|sku=C-LS8172-LSGT,lipstick_gold_trim_packaging=Magic - Gold Trim|sku=C-LS8188-LSGT,lipstick_gold_trim_packaging=Teddy - Gold Trim|sku=C-LS8208-LSGT,lipstick_gold_trim_packaging=8208 Slush - Gold Trim|sku=C-LS8226-LSGT,lipstick_gold_trim_packaging=Marine (Cream Matte) - Gold Trim|sku=C-LS8084-LSGT,lipstick_gold_trim_packaging=8084 Pinky Red - M - Gold Trim|sku=C-LS8147-LSGT,lipstick_gold_trim_packaging=8147 Red Velvet - Gold Trim|sku=C-LS8018-LSGT,lipstick_gold_trim_packaging=Lipstick - Rondnoir Brown - P Gold Trim|sku=C-LS8047-LSGT,lipstick_gold_trim_packaging=Naked - C - Gold Trim|sku=C-LS8068-LSGT,lipstick_gold_trim_packaging=Rouge Cream - S/P - Gold Trim|sku=C-LS8103-LSGT,lipstick_gold_trim_packaging=Booty Call - Gold Tirm|sku=C-LS8133-LSGT,lipstick_gold_trim_packaging=Shimmer beige - Gold Trim|sku=C-LS8160-LSGT,lipstick_gold_trim_packaging=Bashful - Gold Trim|sku=C-LS8177-LSGT,lipstick_gold_trim_packaging=Bombshell - Gold Trim|sku=C-LS8193-LSGT,lipstick_gold_trim_packaging=Fairy - Gold Trim|sku=C-LS8213-LSGT,lipstick_gold_trim_packaging=Wonder - Gold Trim|sku=C-LS8232-LSGT,lipstick_gold_trim_packaging=Lipstick - Sugar Plum (Cream Matte) - Gold Trim|sku=C-LS8044-LSGT,lipstick_gold_trim_packaging=8044 WildDragon - P - Gold Trim|sku=C-LS8001-LSGT,lipstick_gold_trim_packaging=Gold Kiss - S/F Gold Trim|sku=C-LS8025-LSGT,lipstick_gold_trim_packaging=Insirpation - P - Gold Trim|sku=C-LS8053-LSGT,lipstick_gold_trim_packaging=Hint of Orange - F - Gold Trim|sku=C-LS8079-LSGT,lipstick_gold_trim_packaging=Berry - AC - Gold Trim|sku=C-LS8111-LSGT,lipstick_gold_trim_packaging=Vamp - C - Gold Trim|sku=C-LS8146-LSGT,lipstick_gold_trim_packaging=Fabulous - Gold Trim|sku=C-LS8165-LSGT,lipstick_gold_trim_packaging=Topaz - M - Gold Trim|sku=C-LS8182-LSGT,lipstick_gold_trim_packaging=Nude - M - Gold Trim|sku=C-LS8202-LSGT,lipstick_gold_trim_packaging=Dream Girl - Gold Trim|sku=C-LS8218-LSGT,lipstick_gold_trim_packaging=Sloppy - Gold Trim|sku=C-LS8237-LSGT,lipstick_gold_trim_packaging=Bubble Gum (Cream Matte) - Gold Trim|sku=C-LS8082-LSGT,lipstick_gold_trim_packaging=8082 Babie - C - Gold Trim|sku=C-LS8122-LSGT,lipstick_gold_trim_packaging=8122 Purple Lushies - Gold Trim|sku=C-LS8009-LSGT,lipstick_gold_trim_packaging=8009 Copper Rose - P - Gold Trim|sku=C-LS8032-LSGT,lipstick_gold_trim_packaging=Lipstick - Pearl Aubergine - P - Gold Trim|sku=C-LS8059-LSGT,lipstick_gold_trim_packaging=Orange Bloom - C - Gold Trim|sku=C-LS8090-LSGT,lipstick_gold_trim_packaging=Deep Plum - C - Gold Trim|sku=C-LS8118-LSGT,lipstick_gold_trim_packaging=Black Berry - C - Gold Trim|sku=C-LS8153-LSGT,lipstick_gold_trim_packaging=Sensational - Gold Trim|sku=C-LS8170-LSGT,lipstick_gold_trim_packaging=Purple Vibe - M - Gold Trim|sku=C-LS8187-LSGT,lipstick_gold_trim_packaging=Purple Orchid - M - Gold Trim|sku=C-LS8207-LSGT,lipstick_gold_trim_packaging=Immoral - Gold Trim|sku=C-LS8225-LSGT,lipstick_gold_trim_packaging=Naughty (Cream Matte) - Gold Trim|sku=C-LS8158-LSGT,lipstick_gold_trim_packaging=8158 Lost - Gold Trim 8158|sku=C-LS8200-LSGT,lipstick_gold_trim_packaging=8200 Uptown Girl - Gold Trim 8200|sku=C-LS8017-LSGT,lipstick_gold_trim_packaging=Lipstick - Antique - P - Gold Trim|sku=C-LS8042-LSGT,lipstick_gold_trim_packaging=Dreamy Peach - Gold Trim|sku=C-LS8067-LSGT,lipstick_gold_trim_packaging=Burnt Red - C - Gold Trim|sku=C-LS8102-LSGT,lipstick_gold_trim_packaging=Chardine - C - Gold Trim|sku=C-LS8130-LSGT,lipstick_gold_trim_packaging=Summer Time - C/P - Gold Trim|sku=C-LS8159-LSGT,lipstick_gold_trim_packaging=Starlight - Gold Trim|sku=C-LS8176-LSGT,lipstick_gold_trim_packaging=Pretty Tizzy - Gold Trim|sku=C-LS8192-LSGT,lipstick_gold_trim_packaging=8192 Frenzy - Gold Trim|sku=C-LS8212-LSGT,lipstick_gold_trim_packaging=Love - Gold Trim|sku=C-LS8231-LSGT,lipstick_gold_trim_packaging=Ocean (Cream Matte) - Gold Trim|sku=C-LS8043-LSGT,lipstick_gold_trim_packaging=8043 Burnt Peach C - Gold Trim|sku=C-LS8000-LSGT,lipstick_gold_trim_packaging=Lipstick - Vitamin E - M Gold Trim|sku=C-LS8024-LSGT,lipstick_gold_trim_packaging=Dream - S/P - Gold Trim|sku=C-LS8052-LSGT,lipstick_gold_trim_packaging=Red Rock - C - Gold Trim|sku=C-LS8078-LSGT,lipstick_gold_trim_packaging=Raseberry Haze - Gold Trim|sku=C-LS8109-LSGT,lipstick_gold_trim_packaging=Jealous - C - Gold Trim|sku=C-LS8144-LSGT,lipstick_gold_trim_packaging=8144 Fresh - Gold Trim|sku=C-LS8164-LSGT,lipstick_gold_trim_packaging=MamaMia - Gold Trim|sku=C-LS8181-LSGT,lipstick_gold_trim_packaging=Naked - M - Gold Trim|sku=C-LS8201-LSGT,lipstick_gold_trim_packaging=Girl night Out - Gold Trim|sku=C-LS8217-LSGT,lipstick_gold_trim_packaging=Marvelous - Gold Trim|sku=C-LS8236-LSGT,lipstick_gold_trim_packaging=Gosh (Cream Matte) - Gold Trim|sku=C-LS8143-LSGT,lipstick_gold_trim_packaging=8143 Fusion - Gold Trim|sku=C-LS8013-LSGT,lipstick_gold_trim_packaging=8013 Lipstick - Twig|sku=C-LS8008-LSGT,lipstick_gold_trim_packaging=Foxy Brown Gold Trim|sku=C-LS8030-LSGT,lipstick_gold_trim_packaging=Lipstick - Gold Trim|sku=C-LS8057-LSGT,lipstick_gold_trim_packaging=Pink Cloud - C/P - Gold Trim|sku=C-LS8088-LSGT,lipstick_gold_trim_packaging=Rouge Rose - C - Gold Trim|sku=C-LS8117-LSGT,lipstick_gold_trim_packaging=Rebelious - M - Gold Trim|sku=C-LS8152-LSGT,lipstick_gold_trim_packaging=Fashion Wear - Gold Trim|sku=C-LS8169-LSGT,lipstick_gold_trim_packaging=Red Devil - M - Gold Trim|sku=C-LS8186-LSGT,lipstick_gold_trim_packaging=Burgandy - M - Gold Trim|sku=C-LS8206-LSGT,lipstick_gold_trim_packaging=Sweet kiss - Gold Trim|sku=C-LS8223-LSGT,lipstick_gold_trim_packaging=Spell Bond (Cream Matte) - Gold Trim|sku=C-LS8077-LSGT,lipstick_gold_trim_packaging=8077 Bling Cherry - C - Gold Trim|sku=C-LS8196-LSGT,lipstick_gold_trim_packaging=8196 Heart Breaker - Gold Trim|sku=C-LS8016-LSGT,lipstick_gold_trim_packaging=Copper - P - Gold Trim|sku=C-LS8039-LSGT,lipstick_gold_trim_packaging=Lipstick - Believe - C - Gold Trim|sku=C-LS8065-LSGT,lipstick_gold_trim_packaging=Fire Red - M - Gold Trim|sku=C-LS8101-LSGT,lipstick_gold_trim_packaging=Plum Pink - C - Gold Trim|sku=C-LS8126-LSGT,lipstick_gold_trim_packaging=Captivating - Gold Trim|sku=C-LS8157-LSGT,lipstick_gold_trim_packaging=Darling - Gold Trim|sku=C-LS8175-LSGT,lipstick_gold_trim_packaging=Sweet Boy - Gold Trim|sku=C-LS8191-LSGT,lipstick_gold_trim_packaging=Flag Ship - Gold Trim|sku=C-LS8211-LSGT,lipstick_gold_trim_packaging=Breeze - Gold Trim|sku=C-LS8230-LSGT,lipstick_gold_trim_packaging=Blue Moon (Cream Matte) - Gold Trim|sku=C-LS8041-LSGT,lipstick_gold_trim_packaging=8041 Creamy Peach - Gold Trim|sku=C-LS8104-LSGT,lipstick_gold_trim_packaging=8104 Unforgettable - Gold Trim|sku=C-LS8023-LSGT,lipstick_gold_trim_packaging=Hint of Rose - C/P - Gold Trim|sku=C-LS8051-LSGT,lipstick_gold_trim_packaging=Lipstick - Sunset - C/P - Gold Trim|sku=C-LS8075-LSGT,lipstick_gold_trim_packaging=Raspberry Red - C - Gold Trim|sku=C-LS8108-LSGT,lipstick_gold_trim_packaging=One night Stand - P - Gold Trim|sku=C-LS8141-LSGT,lipstick_gold_trim_packaging=Deep Black - Gold Trim|sku=C-LS8163-LSGT,lipstick_gold_trim_packaging=Rain Maker - Gold Trim|sku=C-LS8180-LSGT,lipstick_gold_trim_packaging=Moochie - Gold Trim|sku=C-LS8197-LSGT,lipstick_gold_trim_packaging=Beauty Drug - Gold Colar|sku=C-LS8216-LSGT,lipstick_gold_trim_packaging=Lipstick - Girl Chat - Gold Trim|sku=C-LS8235-LSGT,lipstick_gold_trim_packaging=8235 Lipstick - Irish Pub (Cream Matte) - Gold Trim"
lipstick_kisstint,Lipstick Kisstint,"sku=C-LSKTTC,kisstint_lipstick_color=Toffee Coffee|sku=C-LSKTC,kisstint_lipstick_color=Clementine|sku=C-LSKLB,kisstint_lipstick_color=Love Berry|sku=C-LSKTW,kisstint_lipstick_color=Watermelon|sku=C-LSKCK,kisstint_lipstick_color=Chocolate Kiss|sku=C-LSKTPP,kisstint_lipstick_color=Pink Peony"
lipstick_silverc,Lipstick Silverc,"sku=C-LS8084-lssilverc,lipstick_color=|sku=C-LS8000-lssilverc,lipstick_color=Vitamin E (M)|sku=C-LS8001-lssilverc,lipstick_color=Gold Kiss (F)|sku=C-LS8002-lssilverc,lipstick_color=Deep Gold (P)|sku=C-LS8004-lssilverc,lipstick_color=Tinsel (P)|sku=C-LS8005-lssilverc,lipstick_color=Pale Bronze (F)|sku=C-LS8008-lssilverc,lipstick_color=Foxy Brown (C)|sku=C-LS8009-lssilverc,lipstick_color=Copper Rose P|sku=C-LS8011-lssilverc,lipstick_color=89% Chocolate (M)|sku=C-LS8012-lssilverc,lipstick_color=Mink Brown (C)|sku=C-LS8013-lssilverc,lipstick_color=Twig|sku=C-LS8014-lssilverc,lipstick_color=Sienna (C)|sku=C-LS8015-lssilverc,lipstick_color=Sedona C|sku=C-LS8016-lssilverc,lipstick_color=Copper (P)|sku=C-LS8017-lssilverc,lipstick_color=Antique (F)|sku=C-LS8018-lssilverc,lipstick_color=Rondo Brown (P)|sku=C-LS8021-lssilverc,lipstick_color=Gold Rose (P)|sku=C-LS8022-lssilverc,lipstick_color=Bronze (P)|sku=C-LS8023-lssilverc,lipstick_color=Hint of Rose (P)|sku=C-LS8024-lssilverc,lipstick_color=Dream (C)|sku=C-LS8025-lssilverc,lipstick_color=Inspiration (F)|sku=C-LS8028-lssilverc,lipstick_color=Creamy Amber (C)|sku=C-LS8029-lssilverc,lipstick_color=Mahogany (C)|sku=C-LS8031-lssilverc,lipstick_color=Mocha Latter (C)|sku=C-LS8032-lssilverc,lipstick_color=Pearl Aubergine (P)|sku=C-LS8033-lssilverc,lipstick_color=Bunny Brown (C)|sku=C-LS8037-lssilverc,lipstick_color=Au De Natural (C)|sku=C-LS8038-lssilverc,lipstick_color=Charity (C)|sku=C-LS8039-lssilverc,lipstick_color=Believe (C)|sku=C-LS8041-lssilverc,lipstick_color=Creamy Peach Stanard|sku=C-LS8042-lssilverc,lipstick_color=Dreamy Peach (C)|sku=C-LS8043-lssilverc,lipstick_color=Burnt Peach C|sku=C-LS8044-lssilverc,lipstick_color=WildDragon P|sku=C-LS8047-lssilverc,lipstick_color=Naked (C)|sku=C-LS8048-lssilverc,lipstick_color=Plush (C)|sku=C-LS8049-lssilverc,lipstick_color=Sun Kiss C/P|sku=C-LS8050-lssilverc,lipstick_color=SKiss (C)|sku=C-LS8051-lssilverc,lipstick_color=Sunset (S)|sku=C-LS8052-lssilverc,lipstick_color=Red Rock (C)|sku=C-LS8053-lssilverc,lipstick_color=Hint of Orange (S)|sku=C-LS8054-lssilverc,lipstick_color=Sheer Orange (S)|sku=C-LS8055-lssilverc,lipstick_color=Deep Orange (C)|sku=C-LS8056-lssilverc,lipstick_color=Tangerine AC|sku=C-LS8057-lssilverc,lipstick_color=Pink Cloud (F)|sku=C-LS8058-lssilverc,lipstick_color=Mia Tia(C)|sku=C-LS8059-lssilverc,lipstick_color=Orange Bloom (C)|sku=C-LS8060-lssilverc,lipstick_color=Ravishing Rose (F|sku=C-LS8061-lssilverc,lipstick_color=Aubergine (C)|sku=C-LS8062-lssilverc,lipstick_color=Coral Shelly (C)|sku=C-LS8063-lssilverc,lipstick_color=Red Coral (C)|sku=C-LS8065-lssilverc,lipstick_color=Fire Red (C)|sku=C-LS8067-lssilverc,lipstick_color=Burnt Red (C)|sku=C-LS8068-lssilverc,lipstick_color=Rouge Cream (F)|sku=C-LS8069-lssilverc,lipstick_color=Radical Red C|sku=C-LS8070-lssilverc,lipstick_color=Hot and Bothered|sku=C-LS8072-lssilverc,lipstick_color=Maralyn M|sku=C-LS8073-lssilverc,lipstick_color=Blush (C)|sku=C-LS8074-lssilverc,lipstick_color=All night long (C)|sku=C-LS8075-lssilverc,lipstick_color=Raspberry Red (C)|sku=C-LS8077-lssilverc,lipstick_color=Bling Cherry C|sku=C-LS8078-lssilverc,lipstick_color=Raspberry Haze (C)|sku=C-LS8079-lssilverc,lipstick_color=Berry (C)|sku=C-LS8081-lssilverc,lipstick_color=Spring Rose (C)|sku=C-LS8082-lssilverc,lipstick_color=Babie C|sku=C-LS8083-lssilverc,lipstick_color=Kitten Pink (C)|sku=C-LS8086-lssilverc,lipstick_color=Twiggy Pink (C)|sku=C-LS8088-lssilverc,lipstick_color=Rouge Rose (C)|sku=C-LS8090-lssilverc,lipstick_color=Deep Plum (C)|sku=C-LS8092-lssilverc,lipstick_color=Misty Pink (P)|sku=C-LS8093-lssilverc,lipstick_color=Dusty Rose (C)|sku=C-LS8098-lssilverc,lipstick_color=Future Pink (C)|sku=C-LS8101-lssilverc,lipstick_color=Plum Pink (C)|sku=C-LS8102-lssilverc,lipstick_color=Chorine (C)|sku=C-LS8103-lssilverc,lipstick_color=Booty Call (C)|sku=C-LS8104-lssilverc,lipstick_color=Unforgettable|sku=C-LS8105-lssilverc,lipstick_color=Hotness Red (C)|sku=C-LS8106-lssilverc,lipstick_color=Bee Sting (C)|sku=C-LS8107-lssilverc,lipstick_color=Drive Him Crazy (C)|sku=C-LS8108-lssilverc,lipstick_color=One night Stand (C)|sku=C-LS8109-lssilverc,lipstick_color=Jealous (C)|sku=C-LS8110-lssilverc,lipstick_color=Diva C|sku=C-LS8111-lssilverc,lipstick_color=Vamp (C)|sku=C-LS8112-lssilverc,lipstick_color=Voluptuous (C)|sku=C-LS8113-lssilverc,lipstick_color=Bubbly (F)|sku=C-LS8114-lssilverc,lipstick_color=Shocking Pink|sku=C-LS8115-lssilverc,lipstick_color=Grape (F)|sku=C-LS8117-lssilverc,lipstick_color=Rebellious (C)|sku=C-LS8118-lssilverc,lipstick_color=Black Berry (C)|sku=C-LS8119-lssilverc,lipstick_color=Cotton Candy (P)|sku=C-LS8120-lssilverc,lipstick_color=Fresh Lips|sku=C-LS8122-lssilverc,lipstick_color=Purple Lushies|sku=C-LS8123-lssilverc,lipstick_color=Grapcicle C/S|sku=C-LS8124-lssilverc,lipstick_color=Faith (C)|sku=C-LS8126-lssilverc,lipstick_color=Captivating (C)|sku=C-LS8130-lssilverc,lipstick_color=Summer Time (P)|sku=C-LS8133-lssilverc,lipstick_color=Shimmer beige (P)|sku=C-LS8134-lssilverc,lipstick_color=Nude (C)|sku=C-LS8140-lssilverc,lipstick_color=Snow White (M)|sku=C-LS8141-lssilverc,lipstick_color=Deep Black (M)|sku=C-LS8142-lssilverc,lipstick_color=Hello Pretty (P)|sku=C-LS8143-lssilverc,lipstick_color=Fusion (F)|sku=C-LS8144-lssilverc,lipstick_color=Fresh P|sku=C-LS8145-lssilverc,lipstick_color=Coral Bliss (C)|sku=C-LS8146-lssilverc,lipstick_color=Fabulous (C)|sku=C-LS8147-lssilverc,lipstick_color=Red Velvet Pack|sku=C-LS8148-lssilverc,lipstick_color=Candy Land (P)|sku=C-LS8149-lssilverc,lipstick_color=Taupe (C)|sku=C-LS8150-lssilverc,lipstick_color=Desert Rose (C)|sku=C-LS8152-lssilverc,lipstick_color=Fashion Wea (C)r|sku=C-LS8153-lssilverc,lipstick_color=Sensational (C)|sku=C-LS8154-lssilverc,lipstick_color=Dream Catcher (C)|sku=C-LS8155-lssilverc,lipstick_color=Heavenly (C)|sku=C-LS8156-lssilverc,lipstick_color=Purple Rain (C)|sku=C-LS8157-lssilverc,lipstick_color=Darling (C)|sku=C-LS8158-lssilverc,lipstick_color=Lost|sku=C-LS8159-lssilverc,lipstick_color=Starlight (C)|sku=C-LS8160-lssilverc,lipstick_color=Bashful (C)|sku=C-LS8161-lssilverc,lipstick_color=Giggles (F)|sku=C-LS8162-lssilverc,lipstick_color=Fetish (F)|sku=C-LS8163-lssilverc,lipstick_color=Rain Maker (C)|sku=C-LS8164-lssilverc,lipstick_color=Manama (C)|sku=C-LS8165-lssilverc,lipstick_color=Topaz (M)|sku=C-LS8166-lssilverc,lipstick_color=Jersey Shore (C)|sku=C-LS8167-lssilverc,lipstick_color=Orange (M)|sku=C-LS8168-lssilverc,lipstick_color=Russian Red (M)|sku=C-LS8169-lssilverc,lipstick_color=Red Devil (M)|sku=C-LS8170-lssilverc,lipstick_color=Purple Vibe (M)|sku=C-LS8171-lssilverc,lipstick_color=Doll me up (M)|sku=C-LS8172-lssilverc,lipstick_color=Magic (C)|sku=C-LS8173-lssilverc,lipstick_color=Girl Next Door (C)|sku=C-LS8174-lssilverc,lipstick_color=Clever (C)|sku=C-LS8175-lssilverc,lipstick_color=Sweet Boy (F)|sku=C-LS8176-lssilverc,lipstick_color=Pretty Tizzy (C)|sku=C-LS8177-lssilverc,lipstick_color=Bombshell (C)|sku=C-LS8178-lssilverc,lipstick_color=Gatsby (C)|sku=C-LS8179-lssilverc,lipstick_color=Brag (C)|sku=C-LS8180-lssilverc,lipstick_color=Mooched (C)|sku=C-LS8181-lssilverc,lipstick_color=Naked (M)|sku=C-LS8182-lssilverc,lipstick_color=Nude (M)|sku=C-LS8183-lssilverc,lipstick_color=Bright Pink (M)|sku=C-LS8184-lssilverc,lipstick_color=Bright Orange (M)|sku=C-LS8185-lssilverc,lipstick_color=grey (M)|sku=C-LS8186-lssilverc,lipstick_color=Burgundy (M)|sku=C-LS8187-lssilverc,lipstick_color=Purple Orchid (M)|sku=C-LS8188-lssilverc,lipstick_color=Teddy (C)|sku=C-LS8189-lssilverc,lipstick_color=Pebbles (P)|sku=C-LS8190-lssilverc,lipstick_color=Utopia (C)|sku=C-LS8191-lssilverc,lipstick_color=Flag Ship (C)|sku=C-LS8192-lssilverc,lipstick_color=Frenzy Stand Pack|sku=C-LS8193-lssilverc,lipstick_color=Fairy (C)|sku=C-LS8194-lssilverc,lipstick_color=Bloome (C)|sku=C-LS8195-lssilverc,lipstick_color=Bam (C)|sku=C-LS8196-lssilverc,lipstick_color=Heart Breaker|sku=C-LS8197-lssilverc,lipstick_color=Beauty Drug (C)|sku=C-LS8198-lssilverc,lipstick_color=Russian Sensation|sku=C-LS8200-lssilverc,lipstick_color=Uptown Girl|sku=C-LS8201-lssilverc,lipstick_color=Girls Night Out (C)|sku=C-LS8202-lssilverc,lipstick_color=Dream Girl (C)|sku=C-LS8203-lssilverc,lipstick_color=Warmth (C)|sku=C-LS8204-lssilverc,lipstick_color=Day Dream (C)|sku=C-LS8205-lssilverc,lipstick_color=Love Fear (C)|sku=C-LS8208-lssilverc,lipstick_color=Slush Stnd Pack|sku=C-LS8209-lssilverc,lipstick_color=Pout Stnd Pack (C)|sku=C-LS8210-lssilverc,lipstick_color=Shock|sku=C-LS8211-lssilverc,lipstick_color=Breeze (C)|sku=C-LS8212-lssilverc,lipstick_color=Love M (C)|sku=C-LS8213-lssilverc,lipstick_color=Wonder (C)|sku=C-LS8214-lssilverc,lipstick_color=Miracle (C)|sku=C-LS8215-lssilverc,lipstick_color=Sweat Heart (C)|sku=C-LS8221-lssilverc,lipstick_color=Soul|sku=C-LS8222-lssilverc,lipstick_color=Ice Coral (M)|sku=C-LS8223-lssilverc,lipstick_color=Spell Bond (M)|sku=C-LS8224-lssilverc,lipstick_color=Cold Hearted (Cream Matte)|sku=C-LS8225-lssilverc,lipstick_color=Naughty (M)|sku=C-LS8226-lssilverc,lipstick_color=Marine (M)|sku=C-LS8227-lssilverc,lipstick_color=Scandalous (M)|sku=C-LS8228-lssilverc,lipstick_color=Freddy|sku=C-LS8229-lssilverc,lipstick_color=Paradise Blue (M)|sku=C-LS8230-lssilverc,lipstick_color=Blue Moon (M)|sku=C-LS8231-lssilverc,lipstick_color=Ocean (M)|sku=C-LS8232-lssilverc,lipstick_color=Sugar Plum (M)|sku=C-LS8233-lssilverc,lipstick_color=AcidBerry (M)|sku=C-LS8234-lssilverc,lipstick_color=Lime Me Green (M)|sku=C-LS8235-lssilverc,lipstick_color=Irish Pub (Cream Matte)|sku=C-LS8236-lssilverc,lipstick_color=Gosh (M)|sku=C-LS8237-lssilverc,lipstick_color=Bubble Gum (M)|sku=C-LS8238-lssilverc,lipstick_color=Orange Sorbet (Cream Matte)"
Lipstick_Standard_Packaging,Lipstick Standard Packaging,"sku=C-LS8000-LSSTNDP,lipstick_color=Vitamin E (M)|sku=C-LS8001-LSSTNDP,lipstick_color=Gold Kiss (F)|sku=C-LS8002-LSSTNDP,lipstick_color=Deep Gold (P)|sku=C-LS8004-LSSTNDP,lipstick_color=Tinsel (P)|sku=C-LS8005-LSSTNDP,lipstick_color=Pale Bronze (F)|sku=C-LS8008-LSSTNDP,lipstick_color=Foxy Brown (C)|sku=C-LS8009-LSSTNDP,lipstick_color=Copper Rose P|sku=C-LS8011-LSSTNDP,lipstick_color=89% Chocolate (M)|sku=C-LS8012-LSSTNDP,lipstick_color=Mink Brown (C)|sku=C-LS8013-LSSTNDP,lipstick_color=Twig|sku=C-LS8014-LSSTNDP,lipstick_color=Sienna (C)|sku=C-LS8015-LSSTNDP,lipstick_color=Sedona C|sku=C-LS8016-LSSTNDP,lipstick_color=Copper (P)|sku=C-LS8017-LSSTNDP,lipstick_color=Antique (F)|sku=C-LS8018-LSSTNDP,lipstick_color=Rondo Brown (P)|sku=C-LS8021-LSSTNDP,lipstick_color=Gold Rose (P)|sku=C-LS8022-LSSTNDP,lipstick_color=Bronze (P)|sku=C-LS8023-LSSTNDP,lipstick_color=Hint of Rose (P)|sku=C-LS8024-LSSTNDP,lipstick_color=Dream (C)|sku=C-LS8025-LSSTNDP,lipstick_color=Inspiration (F)|sku=C-LS8028-LSSTNDP,lipstick_color=Creamy Amber (C)|sku=C-LS8029-LSSTNDP,lipstick_color=Mahogany (C)|sku=C-LS8031-LSSTNDP,lipstick_color=Mocha Latter (C)|sku=C-LS8032-LSSTNDP,lipstick_color=Pearl Aubergine (P)|sku=C-LS8033-LSSTNDP,lipstick_color=Bunny Brown (C)|sku=C-LS8037-LSSTNDP,lipstick_color=Au De Natural (C)|sku=C-LS8038-LSSTNDP,lipstick_color=Charity (C)|sku=C-LS8039-LSSTNDP,lipstick_color=Believe (C)|sku=C-LS8041-LSSTNDP,lipstick_color=Creamy Peach Stanard|sku=C-LS8042-LSSTNDP,lipstick_color=Dreamy Peach (C)|sku=C-LS8043-LSSTNDP,lipstick_color=Burnt Peach C|sku=C-LS8044-LSSTNDP,lipstick_color=WildDragon P|sku=C-LS8047-LSSTNDP,lipstick_color=Naked (C)|sku=C-LS8048-LSSTNDP,lipstick_color=Plush (C)|sku=C-LS8049-LSSTNDP,lipstick_color=Sun Kiss C/P|sku=C-LS8050-LSSTNDP,lipstick_color=SKiss (C)|sku=C-LS8051-LSSTNDP,lipstick_color=Sunset (S)|sku=C-LS8052-LSSTNDP,lipstick_color=Red Rock (C)|sku=C-LS8053-LSSTNDP,lipstick_color=Hint of Orange (S)|sku=C-LS8054-LSSTNDP,lipstick_color=Sheer Orange (S)|sku=C-LS8055-LSSTNDP,lipstick_color=Deep Orange (C)|sku=C-LS8056-LSSTNDP,lipstick_color=Tangerine AC|sku=C-LS8057-LSSTNDP,lipstick_color=Pink Cloud (F)|sku=C-LS8058-LSSTNDP,lipstick_color=Mia Tia(C)|sku=C-LS8059-LSSTNDP,lipstick_color=Orange Bloom (C)|sku=C-LS8060-LSSTNDP,lipstick_color=Ravishing Rose (F|sku=C-LS8061-LSSTNDP,lipstick_color=Aubergine (C)|sku=C-LS8062-LSSTNDP,lipstick_color=Coral Shelly (C)|sku=C-LS8063-LSSTNDP,lipstick_color=Red Coral (C)|sku=C-LS8065-LSSTNDP,lipstick_color=Fire Red (C)|sku=C-LS8067-LSSTNDP,lipstick_color=Burnt Red (C)|sku=C-LS8068-LSSTNDP,lipstick_color=Rouge Cream (F)|sku=C-LS8069-LSSTNDP,lipstick_color=Radical Red C|sku=C-LS8070-LSSTNDP,lipstick_color=Hot and Bothered|sku=C-LS8072-LSSTNDP,lipstick_color=Maralyn M|sku=C-LS8073-LSSTNDP,lipstick_color=Blush (C)|sku=C-LS8074-LSSTNDP,lipstick_color=All night long (C)|sku=C-LS8075-LSSTNDP,lipstick_color=Raspberry Red (C)|sku=C-LS8077-LSSTNDP,lipstick_color=Bling Cherry C|sku=C-LS8078-LSSTNDP,lipstick_color=Raspberry Haze (C)|sku=C-LS8079-LSSTNDP,lipstick_color=Berry (C)|sku=C-LS8081-LSSTNDP,lipstick_color=Spring Rose (C)|sku=C-LS8082-LSSTNDP,lipstick_color=Babie C|sku=C-LS8083-LSSTNDP,lipstick_color=Kitten Pink (C)|sku=C-LS8086-LSSTNDP,lipstick_color=Twiggy Pink (C)|sku=C-LS8088-LSSTNDP,lipstick_color=Rouge Rose (C)|sku=C-LS8090-LSSTNDP,lipstick_color=Deep Plum (C)|sku=C-LS8092-LSSTNDP,lipstick_color=Misty Pink (P)|sku=C-LS8093-LSSTNDP,lipstick_color=Dusty Rose (C)|sku=C-LS8098-LSSTNDP,lipstick_color=Future Pink (C)|sku=C-LS8101-LSSTNDP,lipstick_color=Plum Pink (C)|sku=C-LS8102-LSSTNDP,lipstick_color=Chorine (C)|sku=C-LS8103-LSSTNDP,lipstick_color=Booty Call (C)|sku=C-LS8104-LSSTNDP,lipstick_color=Unforgettable|sku=C-LS8105-LSSTNDP,lipstick_color=Hotness Red (C)|sku=C-LS8106-LSSTNDP,lipstick_color=Bee Sting (C)|sku=C-LS8107-LSSTNDP,lipstick_color=Drive Him Crazy (C)|sku=C-LS8108-LSSTNDP,lipstick_color=One night Stand (C)|sku=C-LS8109-LSSTNDP,lipstick_color=Jealous (C)|sku=C-LS8110-LSSTNDP,lipstick_color=Diva C|sku=C-LS8111-LSSTNDP,lipstick_color=Vamp (C)|sku=C-LS8112-LSSTNDP,lipstick_color=Voluptuous (C)|sku=C-LS8113-LSSTNDP,lipstick_color=Bubbly (F)|sku=C-LS8114-LSSTNDP,lipstick_color=Shocking Pink|sku=C-LS8115-LSSTNDP,lipstick_color=Grape (F)|sku=C-LS8117-LSSTNDP,lipstick_color=Rebellious (C)|sku=C-LS8118-LSSTNDP,lipstick_color=Black Berry (C)|sku=C-LS8119-LSSTNDP,lipstick_color=Cotton Candy (P)|sku=C-LS8120-LSSTNDP,lipstick_color=Fresh Lips|sku=C-LS8122-LSSTNDP,lipstick_color=Purple Lushies|sku=C-LS8123-LSSTNDP,lipstick_color=Grapcicle C/S|sku=C-LS8124-LSSTNDP,lipstick_color=Faith (C)|sku=C-LS8126-LSSTNDP,lipstick_color=Captivating (C)|sku=C-LS8130-LSSTNDP,lipstick_color=Summer Time (P)|sku=C-LS8133-LSSTNDP,lipstick_color=Shimmer beige (P)|sku=C-LS8134-LSSTNDP,lipstick_color=Nude (C)|sku=C-LS8140-LSSTNDP,lipstick_color=Snow White (M)|sku=C-LS8141-LSSTNDP,lipstick_color=Deep Black (M)|sku=C-LS8142-LSSTNDP,lipstick_color=Hello Pretty (P)|sku=C-LS8143-LSSTNDP,lipstick_color=Fusion (F)|sku=C-LS8144-LSSTNDP,lipstick_color=Fresh P|sku=C-LS8145-LSSTNDP,lipstick_color=Coral Bliss (C)|sku=C-LS8146-LSSTNDP,lipstick_color=Fabulous (C)|sku=C-LS8147-LSSTNDP,lipstick_color=Red Velvet Pack|sku=C-LS8148-LSSTNDP,lipstick_color=Candy Land (P)|sku=C-LS8149-LSSTNDP,lipstick_color=Taupe (C)|sku=C-LS8150-LSSTNDP,lipstick_color=Desert Rose (C)|sku=C-LS8152-LSSTNDP,lipstick_color=Fashion Wea (C)r|sku=C-LS8153-LSSTNDP,lipstick_color=Sensational (C)|sku=C-LS8154-LSSTNDP,lipstick_color=Dream Catcher (C)|sku=C-LS8155-LSSTNDP,lipstick_color=Heavenly (C)|sku=C-LS8156-LSSTNDP,lipstick_color=Purple Rain (C)|sku=C-LS8157-LSSTNDP,lipstick_color=Darling (C)|sku=C-LS8158-LSSTNDP,lipstick_color=Lost|sku=C-LS8159-LSSTNDP,lipstick_color=Starlight (C)|sku=C-LS8160-LSSTNDP,lipstick_color=Bashful (C)|sku=C-LS8161-LSSTNDP,lipstick_color=Giggles (F)|sku=C-LS8162-LSSTNDP,lipstick_color=Fetish (F)|sku=C-LS8163-LSSTNDP,lipstick_color=Rain Maker (C)|sku=C-LS8164-LSSTNDP,lipstick_color=Manama (C)|sku=C-LS8165-LSSTNDP,lipstick_color=Topaz (M)|sku=C-LS8166-LSSTNDP,lipstick_color=Jersey Shore (C)|sku=C-LS8167-LSSTNDP,lipstick_color=Orange (M)|sku=C-LS8168-LSSTNDP,lipstick_color=Russian Red (M)|sku=C-LS8169-LSSTNDP,lipstick_color=Red Devil (M)|sku=C-LS8170-LSSTNDP,lipstick_color=Purple Vibe (M)|sku=C-LS8171-LSSTNDP,lipstick_color=Doll me up (M)|sku=C-LS8172-LSSTNDP,lipstick_color=Magic (C)|sku=C-LS8173-LSSTNDP,lipstick_color=Girl Next Door (C)|sku=C-LS8174-LSSTNDP,lipstick_color=Clever (C)|sku=C-LS8175-LSSTNDP,lipstick_color=Sweet Boy (F)|sku=C-LS8176-LSSTNDP,lipstick_color=Pretty Tizzy (C)|sku=C-LS8177-LSSTNDP,lipstick_color=Bombshell (C)|sku=C-LS8178-LSSTNDP,lipstick_color=Gatsby (C)|sku=C-LS8179-LSSTNDP,lipstick_color=Brag (C)|sku=C-LS8180-LSSTNDP,lipstick_color=Mooched (C)|sku=C-LS8181-LSSTNDP,lipstick_color=Naked (M)|sku=C-LS8182-LSSTNDP,lipstick_color=Nude (M)|sku=C-LS8183-LSSTNDP,lipstick_color=Bright Pink (M)|sku=C-LS8184-LSSTNDP,lipstick_color=Bright Orange (M)|sku=C-LS8185-LSSTNDP,lipstick_color=grey (M)|sku=C-LS8186-LSSTNDP,lipstick_color=Burgundy (M)|sku=C-LS8187-LSSTNDP,lipstick_color=Purple Orchid (M)|sku=C-LS8188-LSSTNDP,lipstick_color=Teddy (C)|sku=C-LS8189-LSSTNDP,lipstick_color=Pebbles (P)|sku=C-LS8190-LSSTNDP,lipstick_color=Utopia (C)|sku=C-LS8191-LSSTNDP,lipstick_color=Flag Ship (C)|sku=C-LS8192-LSSTNDP,lipstick_color=Frenzy Stand Pack|sku=C-LS8193-LSSTNDP,lipstick_color=Fairy (C)|sku=C-LS8194-LSSTNDP,lipstick_color=Bloome (C)|sku=C-LS8195-LSSTNDP,lipstick_color=Bam (C)|sku=C-LS8196-LSSTNDP,lipstick_color=Heart Breaker|sku=C-LS8197-LSSTNDP,lipstick_color=Beauty Drug (C)|sku=C-LS8198-LSSTNDP,lipstick_color=Russian Sensation|sku=C-LS8200-LSSTNDP,lipstick_color=Uptown Girl|sku=C-LS8201-LSSTNDP,lipstick_color=Girls Night Out (C)|sku=C-LS8202-LSSTNDP,lipstick_color=Dream Girl (C)|sku=C-LS8203-LSSTNDP,lipstick_color=Warmth (C)|sku=C-LS8204-LSSTNDP,lipstick_color=Day Dream (C)|sku=C-LS8205-LSSTNDP,lipstick_color=Love Fear (C)|sku=C-LS8208-LSSTNDP,lipstick_color=Slush Stnd Pack|sku=C-LS8209-LSSTNDP,lipstick_color=Pout Stnd Pack (C)|sku=C-LS8210-LSSTNDP,lipstick_color=Shock|sku=C-LS8211-LSSTNDP,lipstick_color=Breeze (C)|sku=C-LS8212-LSSTNDP,lipstick_color=Love M (C)|sku=C-LS8213-LSSTNDP,lipstick_color=Wonder (C)|sku=C-LS8214-LSSTNDP,lipstick_color=Miracle (C)|sku=C-LS8215-LSSTNDP,lipstick_color=Sweat Heart (C)|sku=C-LS8221-LSSTNDP,lipstick_color=Soul|sku=C-LS8222-LSSTNDP,lipstick_color=Ice Coral (M)|sku=C-LS8223-LSSTNDP,lipstick_color=Spell Bond (M)|sku=C-LS8224-LSSTNDP,lipstick_color=Cold Hearted (Cream Matte)|sku=C-LS8225-LSSTNDP,lipstick_color=Naughty (M)|sku=C-LS8226-LSSTNDP,lipstick_color=Marine (M)|sku=C-LS8227-LSSTNDP,lipstick_color=Scandalous (M)|sku=C-LS8228-LSSTNDP,lipstick_color=Freddy|sku=C-LS8229-LSSTNDP,lipstick_color=Paradise Blue (M)|sku=C-LS8230-LSSTNDP,lipstick_color=Blue Moon (M)|sku=C-LS8231-LSSTNDP,lipstick_color=Ocean (M)|sku=C-LS8233-LSSTNDP,lipstick_color=AcidBerry (M)|sku=C-LS8234-LSSTNDP,lipstick_color=Lime Me Green (M)|sku=C-LS8235-LSSTNDP,lipstick_color=Irish Pub (Cream Matte)|sku=C-LS8236-LSSTNDP,lipstick_color=Gosh (M)|sku=C-LS8237-LSSTNDP,lipstick_color=Bubble Gum (M)|sku=C-LS8238-LSSTNDP,lipstick_color=Orange Sorbet (Cream Matte)"
Liquid_Lipstick_standard Packaging,Liquid Lipstick,"sku=C-LL4544-LIQDSTNDP,liquid_lipstick_color=Liquid Lipstick Lavish|sku=C-LL4560-LIQDSTNDP,liquid_lipstick_color=Kingdom|sku=C-LL4576-LIQDSTNDP,liquid_lipstick_color=Surprising|sku=C-LL4512-LIQDSTNDP,liquid_lipstick_color=Shocking Pink|sku=C-LL4528-LIQDSTNDP,liquid_lipstick_color=Stylish Girl|sku=C-LL4533-LIQDSTNDP,liquid_lipstick_color=Funtime|sku=C-LL4549-LIQDSTNDP,liquid_lipstick_color=Supernova|sku=C-LL4565-LIQDSTNDP,liquid_lipstick_color=Royal Blue|sku=C-LL4581-LIQDSTNDP,liquid_lipstick_color=Icon|sku=C-LL4500-LIQDSTNDP,liquid_lipstick_color=All Natural|sku=C-LL4517-LIQDSTNDP,liquid_lipstick_color=Pebbles (Satin)|sku=C-LL4538-LIQDSTNDP,liquid_lipstick_color=Hypnotised|sku=C-LL4554-LIQDSTNDP,liquid_lipstick_color=Be In Love|sku=C-LL4570-LIQDSTNDP,liquid_lipstick_color=Pucker Up|sku=C-LL4586-LIQDSTNDP,liquid_lipstick_color=Darling|sku=C-LL4505-LIQDSTNDP,liquid_lipstick_color=Charmed|sku=C-LL4522-LIQDSTNDP,liquid_lipstick_color=Spell Bond|sku=C-LL4543-LIQDSTNDP,liquid_lipstick_color=Adore|sku=C-LL4559-LIQDSTNDP,liquid_lipstick_color=Jamm|sku=C-LL4575-LIQDSTNDP,liquid_lipstick_color=Cerise|sku=C-LL4511-LIQDSTNDP,liquid_lipstick_color=Kiss Me|sku=C-LL4527-LIQDSTNDP,liquid_lipstick_color=Fearless|sku=C-LL4548-LIQDSTNDP,liquid_lipstick_color=Baby Spice|sku=C-LL4564-LIQDSTNDP,liquid_lipstick_color=Aqua|sku=C-LL4580-LIQDSTNDP,liquid_lipstick_color=Famous|sku=C-LL4516-LIQDSTNDP,liquid_lipstick_color=Amorous (Satin)|sku=C-LL4532-LIQDSTNDP,liquid_lipstick_color=City Girl|sku=C-LL4537-LIQDSTNDP,liquid_lipstick_color=Twitch|sku=C-LL4553-LIQDSTNDP,liquid_lipstick_color=Wicked Coral|sku=C-LL4569-LIQDSTNDP,liquid_lipstick_color=Forest|sku=C-LL4585-LIQDSTNDP,liquid_lipstick_color=Flora|sku=C-LL4504-LIQDSTNDP,liquid_lipstick_color=Love Bite|sku=C-LL4521-LIQDSTNDP,liquid_lipstick_color=Scandalous|sku=C-LL4542-LIQDSTNDP,liquid_lipstick_color=Shy Girl|sku=C-LL4558-LIQDSTNDP,liquid_lipstick_color=Spicy Red|sku=C-LL4574-LIQDSTNDP,liquid_lipstick_color=BaBoom|sku=C-LL4510-LIQDSTNDP,liquid_lipstick_color=Hot Lips|sku=C-LL4526-LIQDSTNDP,liquid_lipstick_color=Speechless|sku=C-LL4547-LIQDSTNDP,liquid_lipstick_color=Sin City|sku=C-LL4563-LIQDSTNDP,liquid_lipstick_color=Azure|sku=C-LL4579-LIQDSTNDP,liquid_lipstick_color=Coveted|sku=C-LL4515-LIQDSTNDP,liquid_lipstick_color=Snob (Satin)|sku=C-LL4531-LIQDSTNDP,liquid_lipstick_color=Sugar Plum|sku=C-LL4536-LIQDSTNDP,liquid_lipstick_color=Aphrodite|sku=C-LL4552-LIQDSTNDP,liquid_lipstick_color=Sunlit|sku=C-LL4568-LIQDSTNDP,liquid_lipstick_color=Pedal|sku=C-LL4584-LIQDSTNDP,liquid_lipstick_color=Pleasing|sku=C-LL4503-LIQDSTNDP,liquid_lipstick_color=Pink Pop|sku=C-LL4520-LIQDSTNDP,liquid_lipstick_color=Paradise Blue|sku=C-LL4541-LIQDSTNDP,liquid_lipstick_color=Delighted|sku=C-LL4557-LIQDSTNDP,liquid_lipstick_color=Hope|sku=C-LL4573-LIQDSTNDP,liquid_lipstick_color=Teal|sku=C-LL4509-LIQDSTNDP,liquid_lipstick_color=Fall In Love|sku=C-LL4525-LIQDSTNDP,liquid_lipstick_color=Tangerine Queen|sku=C-LL4546-LIQDSTNDP,liquid_lipstick_color=Nebula|sku=C-LL4562-LIQDSTNDP,liquid_lipstick_color=Fortune|sku=C-LL4578-LIQDSTNDP,liquid_lipstick_color=Dangerous|sku=C-LL4514-LIQDSTNDP,liquid_lipstick_color=Bam Bam (Satin)|sku=C-LL4530-LIQDSTNDP,liquid_lipstick_color=Hunter|sku=C-LL4535-LIQDSTNDP,liquid_lipstick_color=Stunner|sku=C-LL4551-LIQDSTNDP,liquid_lipstick_color=Seoul|sku=C-LL4567-LIQDSTNDP,liquid_lipstick_color=Heartbeat|sku=C-LL4583-LIQDSTNDP,liquid_lipstick_color=Grunge|sku=C-LL4501-LIQDSTNDP,liquid_lipstick_color=Dream|sku=C-LL4519-LIQDSTNDP,liquid_lipstick_color=Blue Moon|sku=C-LL4540-LIQDSTNDP,liquid_lipstick_color=Bonfire|sku=C-LL4556-LIQDSTNDP,liquid_lipstick_color=Defined|sku=C-LL4572-LIQDSTNDP,liquid_lipstick_color=Wow|sku=C-LL4588-LIQDSTNDP,liquid_lipstick_color=Rum N' Coke|sku=C-LL4508-LIQDSTNDP,liquid_lipstick_color=Dream Girl|sku=C-LL4524-LIQDSTNDP,liquid_lipstick_color=Grey|sku=C-LL4545-LIQDSTNDP,liquid_lipstick_color=Posh|sku=C-LL4561-LIQDSTNDP,liquid_lipstick_color=Marvelous|sku=C-LL4577-LIQDSTNDP,liquid_lipstick_color=Just About|sku=C-LL4513-LIQDSTNDP,liquid_lipstick_color=Gorgeous (Satin)|sku=C-LL4529-LIQDSTNDP,liquid_lipstick_color=Fashionable|sku=C-LL4534-LIQDSTNDP,liquid_lipstick_color=Shallow Orchid|sku=C-LL4550-LIQDSTNDP,liquid_lipstick_color=Fawn|sku=C-LL4566-LIQDSTNDP,liquid_lipstick_color=Indigo|sku=C-LL4582-LIQDSTNDP,liquid_lipstick_color=Trophy|sku=C-LL4502-LIQDSTNDP,liquid_lipstick_color=Angel|sku=C-LL4518-LIQDSTNDP,liquid_lipstick_color=Soul Mate|sku=C-LL4539-LIQDSTNDP,liquid_lipstick_color=Loving Red|sku=C-LL4555-LIQDSTNDP,liquid_lipstick_color=Mauve Ideal|sku=C-LL4571-LIQDSTNDP,liquid_lipstick_color=Catwalk|sku=C-LL4587-LIQDSTNDP,liquid_lipstick_color=Sangria|sku=C-LL4507-LIQDSTNDP,liquid_lipstick_color=Black Berry|sku=C-LL4523-LIQDSTNDP,liquid_lipstick_color=Black"
liquidcon_color,Full Coverage Liquid Concealer,"sku=C-LC942,liquidcon_color=Full Coverage Liquid Concealer - Corrector - Mint|sku=C-LC900,liquidcon_color=Full Coverage Concealer - Extra Light Porcelain|sku=C-LC952,liquidcon_color=Full Coverage Liquid Concealer - Medium Ivory|sku=C-LC905,liquidcon_color=Full Coverage Liquid Concealer - Mocha|sku=C-LC941,liquidcon_color=Full Coverage Liquid Concealer - Corrector - Lilac|sku=C-LC951,liquidcon_color=Full Coverage Liquid Concealer - Ivory|sku=C-LC904,liquidcon_color=Full Coverage Liquid Concealer - Dark Tan|sku=C-LC940,liquidcon_color=Full Coverage Liquid Concealer - Corrector - Yellow|sku=C-LC950,liquidcon_color=Full Coverage Liquid Concealer - Light Ivory|sku=C-LC903,liquidcon_color=Full Coverage Liquid Concealer - Medium Beigh|sku=C-LC955,liquidcon_color=Full Coverage Liquid Concealer - Almond|sku=C-LC911,liquidcon_color=Full Coverage Liquid Concealer - Medium Light Porcelain|sku=C-LC944,liquidcon_color=Full Coverage Liquid Concealer - Corrector - Burnt Orange|sku=C-LC902,liquidcon_color=Full Coverage Liquid Concealer - Porcelain|sku=C-LC954,liquidcon_color=Full Coverage Liquid Concealer - Tan|sku=C-LC909,liquidcon_color=Full Coverage Liquid Concealer - Amber|sku=C-LC943,liquidcon_color=Full Coverage Liquid Concealer - Corrector - Perfect Orange|sku=C-LC901,liquidcon_color=Full Coverage Liquid Concealer - Light Porcelain|sku=C-LC953,liquidcon_color=Full Coverage Liquid Concealer - Medium Tan|sku=C-LC908,liquidcon_color=Full Coverage Liquid Concealer - Coffee Bean"
LL_Shny_Blk,Liquid Lipstick Shiny Black Packaging,"sku=C-LL4502-SHNYBLKC,ll_shny_blk=4502 - Liquid Lipstick - Angel|sku=C-LL4518-SHNYBLKC,ll_shny_blk=4518 - Liquid Lipstick - Soul Mate|sku=C-LL4534-SHNYBLKC,ll_shny_blk=4534 - Liquid Lipstick - Shallow Orchid|sku=C-LL4507-SHNYBLKC,ll_shny_blk=4507 - Liquid Lipstick - Black Berry|sku=C-LL4523-SHNYBLKC,ll_shny_blk=4523 - Liquid Lipstick - Black|sku=C-LL4540-SHNYBLKC,ll_shny_blk=4540 - Liquid Lipstick - Bonfire|sku=C-LL4512-SHNYBLKC,ll_shny_blk=4512 - Liquid Lipstick - Shocking Pink|sku=C-LL4528-SHNYBLKC,ll_shny_blk=4528 - Liquid Lipstick - Stylish Girl|sku=C-LL4545-SHNYBLKC,ll_shny_blk=4545 - Liquid Lipstick - Posh|sku=C-LL4500-SHNYBLKC,ll_shny_blk=4500 - Liquid Lipstick - All Natural|sku=C-LL4517-SHNYBLKC,ll_shny_blk=4517 - Liquid Lipstick - Pebbles (Satin)|sku=C-LL4533-SHNYBLKC,ll_shny_blk=4533 - Liquid Lipstick - Funtime|sku=C-LL4550-SHNYBLKC,ll_shny_blk=4550 - Liquid Lipstick - Fawn|sku=C-LL4505-SHNYBLKC,ll_shny_blk=4505 - Liquid Lipstick - Charmed|sku=C-LL4522-SHNYBLKC,ll_shny_blk=4522 - Liquid Lipstick - Spell Bond|sku=C-LL4539-SHNYBLKC,ll_shny_blk=4539 - Liquid Lipstick - Loving Red|sku=C-LL4511-SHNYBLKC,ll_shny_blk=4511 - Liquid Lipstick - Kiss Me|sku=C-LL4527-SHNYBLKC,ll_shny_blk=4527 - Liquid Lipstick - Fearless|sku=C-LL4544-SHNYBLKC,ll_shny_blk=4544 - Liquid Lipstick - Lavish|sku=C-LL4516-SHNYBLKC,ll_shny_blk=4516 - Liquid Lipstick - Amorous (Satin)|sku=C-LL4532-SHNYBLKC,ll_shny_blk=4532 - Liquid Lipstick - City Girl|sku=C-LL4549-SHNYBLKC,ll_shny_blk=4549 - Liquid Lipstick - Supernova|sku=C-LL4504-SHNYBLKC,ll_shny_blk=4504 - Liquid Lipstick - Love Bite|sku=C-LL4521-SHNYBLKC,ll_shny_blk=4521 - Liquid Lipstick - Scandalous|sku=C-LL4537-SHNYBLKC,ll_shny_blk=4537 - Liquid Lipstick - Twitch|sku=C-LL4510-SHNYBLKC,ll_shny_blk=4510 - Liquid Lipstick - Hot Lips|sku=C-LL4526-SHNYBLKC,ll_shny_blk=4526 - Liquid Lipstick - Speechless|sku=C-LL4543-SHNYBLKC,ll_shny_blk=4543 - Liquid Lipstick - Adore|sku=C-LL4515-SHNYBLKC,ll_shny_blk=4515 - Liquid Lipstick - Snob (Satin)|sku=C-LL4531-SHNYBLKC,ll_shny_blk=4531 - Liquid Lipstick - Sugar Plum|sku=C-LL4548-SHNYBLKC,ll_shny_blk=4548 - Liquid Lipstick - Baby Spice|sku=C-LL4503-SHNYBLKC,ll_shny_blk=4503 - Liquid Lipstick - Pink Pop|sku=C-LL4520-SHNYBLKC,ll_shny_blk=4520 - Liquid Lipstick - Paradise Blue|sku=C-LL4536-SHNYBLKC,ll_shny_blk=4536 - Liquid Lipstick - Aphrodite|sku=C-LL4509-SHNYBLKC,ll_shny_blk=4509 - Liquid Lipstick - Fall In Love|sku=C-LL4525-SHNYBLKC,ll_shny_blk=4525 - Liquid Lipstick - Tangerine Queen|sku=C-LL4542-SHNYBLKC,ll_shny_blk=4542 - Liquid Lipstick - Shy Girl|sku=C-LL4514-SHNYBLKC,ll_shny_blk=4514 - Liquid Lipstick - Bam Bam (Satin)|sku=C-LL4530-SHNYBLKC,ll_shny_blk=4530 - Liquid Lipstick - Hunter|sku=C-LL4547-SHNYBLKC,ll_shny_blk=4547 - Liquid Lipstick - Sin City|sku=C-LL4501-SHNYBLKC,ll_shny_blk=4501 - Liquid Lipstick - Dream|sku=C-LL4519-SHNYBLKC,ll_shny_blk=4519 - Liquid Lipstick - Blue Moon|sku=C-LL4535-SHNYBLKC,ll_shny_blk=4535 - Liquid Lipstick - Stunner|sku=C-LL4508-SHNYBLKC,ll_shny_blk=4508 - Liquid Lipstick - Dream Girl|sku=C-LL4524-SHNYBLKC,ll_shny_blk=4524 - Liquid Lipstick - Grey|sku=C-LL4541-SHNYBLKC,ll_shny_blk=4541 - Liquid Lipstick - Delighted|sku=C-LL4513-SHNYBLKC,ll_shny_blk=4513 - Liquid Lipstick - Gorgeous (Satin)|sku=C-LL4529-SHNYBLKC,ll_shny_blk=4529 - Liquid Lipstick - Fashionable|sku=C-LL4546-SHNYBLKC,ll_shny_blk=4546 - Liquid Lipstick - Nebula"
LL_Silver,Liquid Lipstick Silver Cap Packaging,"sku=C-LL4513-SILVERCAP,ll_silver=4513 - Liquid Lipstick - Gorgeous (Satin)|sku=C-LL4529-SILVERCAP,ll_silver=4529 - Liquid Lipstick - Fashionable|sku=C-LL4545-SILVERCAP,ll_silver=4545 - Liquid Lipstick - Posh|sku=C-LL4502-SILVERCAP,ll_silver=4502 - Liquid Lipstick - Angel|sku=C-LL4518-SILVERCAP,ll_silver=4518 - Liquid Lipstick - Soul Mate|sku=C-LL4534-SILVERCAP,ll_silver=4534 - Liquid Lipstick - Shallow Orchid|sku=C-LL4550-SILVERCAP,ll_silver=4550 - Liquid Lipstick - Fawn|sku=C-LL4507-SILVERCAP,ll_silver=4507 - Liquid Lipstick - Black Berry|sku=C-LL4523-SILVERCAP,ll_silver=4523 - Liquid Lipstick - Black|sku=C-LL4539-SILVERCAP,ll_silver=4539 - Liquid Lipstick - Loving Red|sku=C-LL4512-SILVERCAP,ll_silver=4512 - Liquid Lipstick - Shocking Pink|sku=C-LL4528-SILVERCAP,ll_silver=4528 - Liquid Lipstick - Stylish Girl|sku=C-LL4544-SILVERCAP,ll_silver=4544 - Liquid Lipstick - Lavish|sku=C-LL4500-SILVERCAP,ll_silver=4500 - Liquid Lipstick - All Natural|sku=C-LL4517-SILVERCAP,ll_silver=4517 - Liquid Lipstick - Pebbles (Satin)|sku=C-LL4533-SILVERCAP,ll_silver=4533 - Liquid Lipstick - Funtime|sku=C-LL4549-SILVERCAP,ll_silver=4549 - Liquid Lipstick - Supernova|sku=C-LL4505-SILVERCAP,ll_silver=4505 - Liquid Lipstick - Charmed|sku=C-LL4522-SILVERCAP,ll_silver=4522 - Liquid Lipstick - Spell Bond|sku=C-LL4538-SILVERCAP,ll_silver=4538 - Liquid Lipstick - Hypnotised|sku=C-LL4511-SILVERCAP,ll_silver=4511 - Liquid Lipstick - Kiss Me|sku=C-LL4527-SILVERCAP,ll_silver=4527 - Liquid Lipstick - Fearless|sku=C-LL4543-SILVERCAP,ll_silver=4543 - Liquid Lipstick - Adore|sku=C-LL4516-SILVERCAP,ll_silver=4516 - Liquid Lipstick - Amorous (Satin)|sku=C-LL4532-SILVERCAP,ll_silver=4532 - Liquid Lipstick - City Girl|sku=C-LL4548-SILVERCAP,ll_silver=4548 - Liquid Lipstick - Baby Spice|sku=C-LL4504-SILVERCAP,ll_silver=4504 - Liquid Lipstick - Love Bite|sku=C-LL4521-SILVERCAP,ll_silver=4521 - Liquid Lipstick - Scandalous|sku=C-LL4537-SILVERCAP,ll_silver=4537 - Liquid Lipstick - Twitch|sku=C-LL4510-SILVERCAP,ll_silver=4510 - Liquid Lipstick - Hot Lips|sku=C-LL4526-SILVERCAP,ll_silver=4526 - Liquid Lipstick - Speechless|sku=C-LL4542-SILVERCAP,ll_silver=4542 - Liquid Lipstick - Shy Girl|sku=C-LL4515-SILVERCAP,ll_silver=4515 - Liquid Lipstick - Snob (Satin)|sku=C-LL4531-SILVERCAP,ll_silver=4531 - Liquid Lipstick - Sugar Plum|sku=C-LL4547-SILVERCAP,ll_silver=4547 - Liquid Lipstick - Sin City|sku=C-LL4503-SILVERCAP,ll_silver=4503 - Liquid Lipstick - Pink Pop|sku=C-LL4520-SILVERCAP,ll_silver=4520 - Liquid Lipstick - Paradise Blue|sku=C-LL4536-SILVERCAP,ll_silver=4536 - Liquid Lipstick - Aphrodite|sku=C-LL4509-SILVERCAP,ll_silver=4509 - Liquid Lipstick - Fall In Love|sku=C-LL4525-SILVERCAP,ll_silver=4525 - Liquid Lipstick - Tangerine Queen|sku=C-LL4541-SILVERCAP,ll_silver=4541 - Liquid Lipstick - Delighted|sku=C-LL4514-SILVERCAP,ll_silver=4514 - Liquid Lipstick - Bam Bam (Satin)|sku=C-LL4530-SILVERCAP,ll_silver=4530 - Liquid Lipstick - Hunter|sku=C-LL4546-SILVERCAP,ll_silver=4546 - Liquid Lipstick - Nebula|sku=C-LL4501-SILVERCAP,ll_silver=4501 - Liquid Lipstick - Dream|sku=C-LL4519-SILVERCAP,ll_silver=4519 - Liquid Lipstick - Blue Moon|sku=C-LL4535-SILVERCAP,ll_silver=4535 - Liquid Lipstick - Stunner|sku=C-LL4508-SILVERCAP,ll_silver=4508 - Liquid Lipstick - Dream Girl|sku=C-LL4524-SILVERCAP,ll_silver=4524 - Liquid Lipstick - Grey|sku=C-LL4540-SILVERCAP,ll_silver=4540 - Liquid Lipstick - Bonfire"
LOGO,Logo Plate Design,"sku=PLATE-1PP1TS,logo_type=One color logo|sku=PLATE-1PP1TS2,logo_type=Multi-color logo"
loose_powder,Loose Powder,"sku=C-HDLP611-BC,loosepowder_color=Loose Powder Medium Light Porcelain|sku=C-HDLP600-BC,loosepowder_color=Loose Powder Extra Light Porcelain|sku=C-HDLP653-BC,loosepowder_color=Loose Powder Medium Tan|sku=C-HDLP605-BC,loosepowder_color=Loose Powder Mocha|sku=C-HDLP610-BC,loosepowder_color=Loose Powder Congac|sku=C-HDLP652-BC,loosepowder_color=Loose Powder Medium Ivory|sku=C-HDLP604-BC,loosepowder_color=Loose Powder Dark Tan|sku=C-HDLP609-BC,loosepowder_color=Loose Powder Amber|sku=C-HDLP651-BC,loosepowder_color=Loose Powder Ivory|sku=C-HDLP603-BC,loosepowder_color=Loose Powder Medium Beige|sku=C-HDLP656-BC,loosepowder_color=Loose Powder Golden Honey|sku=C-HDLP608-BC,loosepowder_color=Loose Powder Coffee Bean|sku=C-HDLP650-BC,loosepowder_color=Loose Powder Light Ivory|sku=C-HDLP602-BC,loosepowder_color=Loose Powder Porcelain|sku=C-HDLP655-BC,loosepowder_color=Loose Powder Almond|sku=C-HDLP607-BC,loosepowder_color=Loose Powder Caramel|sku=C-HDLP612-BC,loosepowder_color=Loose Powder Medium Porcelian|sku=C-HDLP601-BC,loosepowder_color=Loose Powder Light Porcelain|sku=C-HDLP654-BC,loosepowder_color=Loose Powder Tan|sku=C-HDLP606-BC,loosepowder_color=Loose Powder Ebony"
Mascara,Mascara,"sku=C-MS110,mascara=White|sku=C-MS114,mascara=Black|sku=C-MS113,mascara=Clear|sku=C-MS112,mascara=Navy|sku=C-MS111,mascara=Brown"
Mascara_Squeeze,Mascara Squeeze Tube,"sku=C-MS105,mascara_squeeze=White|sku=C-MS109,mascara_squeeze=Black|sku=C-MS108,mascara_squeeze=Clear|sku=C-MS107,mascara_squeeze=Navy|sku=C-MS106,mascara_squeeze=Brown"
Mcreme_BL_Refill,Mineral Cr√®me Blush Refill,"sku=C-M313R,mcreme_bl_refill=M313 M. Creme Blush|sku=C-M300R,mcreme_bl_refill=M300 M. Creme Blush Cinnabar|sku=C-M305R,mcreme_bl_refill=M305 M. Creme Blush Blossom|sku=C-M312R,mcreme_bl_refill=M312 M. Creme Blush|sku=C-M304R,mcreme_bl_refill=M304 M. Creme Blush Firebrick|sku=C-M311R,mcreme_bl_refill=M311 M. Creme Blush|sku=C-M303R,mcreme_bl_refill=M303 M. Creme Blush Vermilion|sku=C-M308R,mcreme_bl_refill=M308 M. Creme Blush Graceful|sku=C-M310R,mcreme_bl_refill=M310 M. Creme Blush Love|sku=C-M302R,mcreme_bl_refill=M302 M. Creme Blush Cherise|sku=C-M307R,mcreme_bl_refill=M307 M. Magical Rose Creme Blush|sku=C-M309R,mcreme_bl_refill=M309 M. Creme Blush Modish|sku=C-M301R,mcreme_bl_refill=M301 M. Creme Blush Ginger Beige|sku=C-M306R,mcreme_bl_refill=M306 M. Creme Blush French Rosette"
Mcreme_ES_Compact,Mineral Cr√®me Eyeshadow,"sku=C-M201C,mcreme_es_compact=M201 M Creme Shadow Misty Rose|sku=C-M213C,mcreme_es_compact=M213 M Creme Shadow Sienna|sku=C-M206C,mcreme_es_compact=M206 M Creme Shadow Burnt Umber|sku=C-M203C,mcreme_es_compact=M203 M Creme Shadow Seashell|sku=C-M202C,mcreme_es_compact=M202 M Creme Shadow Orchid"
Mcreme_ES_Refill,Mineral Cr√®me Eyeshadow Refill,"sku=C-M212R,mcreme_es_refill=M212 M Creme Shadow Apricot|sku=C-M201R,mcreme_es_refill=M201 M Creme Shadow Misty Rose|sku=C-M206R,mcreme_es_refill=M206 M Creme Shadow Burnt Umber|sku=C-M211R,mcreme_es_refill=M211 M Creme Shadow Copper|sku=C-M205R,mcreme_es_refill=M205 M Creme Shadow Mauve|sku=C-M210R,mcreme_es_refill=M210 M Creme Shadow Lilac|sku=C-M215R,mcreme_es_refill=M215 M Creme Shadow Terra Cotta|sku=C-M204R,mcreme_es_refill=M204 M Creme Shadow Taupe|sku=C-M209R,mcreme_es_refill=M209 M Creme Shadow Grey Slate|sku=C-M214R,mcreme_es_refill=M214 M Creme Shadow Salmon|sku=C-M203R,mcreme_es_refill=M203 M Creme Shadow Seashell|sku=C-M208R,mcreme_es_refill=M208 M Creme Shadow Light Denim|sku=C-M213R,mcreme_es_refill=M213 M Creme Shadow Sienna|sku=C-M202R,mcreme_es_refill=M202 M Creme Shadow Orchid|sku=C-M207R,mcreme_es_refill=M207 M Creme Shadow Magenta"
mineraldust_color,Mineral Dust,"sku=C-MD10-GLSTND P,mineraldust_color=MD10 Mineral Dust White Red|sku=C-MD27-GLSTND P,mineraldust_color=MD27 Mineral Dust Pearly Pink|sku=C-MD16-GLSTND P,mineraldust_color=MD16 Mineral Dust Saphire|sku=C-MD31-GLSTND P,mineraldust_color=MD31 Mineral Dust Star Night With Glitter|sku=C-MD21-GLSTND P,mineraldust_color=MD21 Mineral Dust Orange|sku=C-MD7-GLSTND P,mineraldust_color=MD7 Mineral Dust Blue|sku=C-MD1-GLSTND P,mineraldust_color=MD1 Mineral Dust Pearl White|sku=C-MD26-GLSTND P,mineraldust_color=MD26 Mineral Dust Irridescent Red|sku=C-MD15-GLSTND P,mineraldust_color=MD15 Mineral Dust Antique Green|sku=C-MD30-GLSTND P,mineraldust_color=MD30 Mineral Dust Slate|sku=C-MD2-GLSTND P,mineraldust_color=MD2 Mineral Dust Sun Stone|sku=C-MD6-GLSTND P,mineraldust_color=MD6 Mineral Dust Garnet|sku=C-MD25-GLSTND P,mineraldust_color=MD25 Mineral Dust Baby Blue|sku=C-MD14-GLSTND P,mineraldust_color=MD14 Mineral Dust Antique Bronze|sku=C-MD3-GLSTND P,mineraldust_color=MD3 Mineral Dust Copper|sku=C-MD19-GLSTND P,mineraldust_color=MD19 Mineral Dust Emerald|sku=C-MD5-GLSTND P,mineraldust_color=MD5 Mineral Dust Golden Bronze|sku=C-MD24-GLSTND P,mineraldust_color=MD24 Mineral Dust Lilac|sku=C-MD13-GLSTND P,mineraldust_color=MD13 Mineral Dust Fine Gold|sku=C-MD29-GLSTND P,mineraldust_color=MD29 Mineral Dust Misty Green|sku=C-MD18-GLSTND P,mineraldust_color=MD18 Mineral Dust Jade|sku=C-MD4-GLSTND P,mineraldust_color=MD4 Mineral Dust Violet|sku=C-MD23-GLSTND P,mineraldust_color=MD23 Mineral Dust Deep Black|sku=C-MD9-GLSTND P,mineraldust_color=MD9 Mineral Dust Amber|sku=C-MD11-GLSTND P,mineraldust_color=MD11 Mineral Dust Hot Pink|sku=C-MD28-GLSTND P,mineraldust_color=MD28 Mineral Dust Light Gold|sku=C-MD17-GLSTND P,mineraldust_color=MD17 Mineral Dust Duo Chrome|sku=C-MD32-GLSTND P,mineraldust_color=MD32 Mineral Dust Lindin Green|sku=C-MD22-GLSTND P,mineraldust_color=MD22 Mineral Dust Silver Sea|sku=C-MD8-GLSTND P,mineraldust_color=MD8 Mineral Dust Flambe"
mist_flavor,Mist Flavor,"sku=C-REM50,mist_color=Reviving Eucalyptus Mist 50ml|sku=C-SLM50,mist_color=Soothing Lavender Mist|sku=C-RNM50,mist_color=Rose Nourishing Mist"
primer,Primer,"sku=C-CP-30,primer_color=HD Perfect Canvas Primer 30 ml|sku=C-H20/30,primer_color=30ml H2O Primer - Normal to Dry"
Professional_Picture_Photography,Professional Picture Photography,"sku=GD-PPS,design_printing=Professional Picture Swatch|sku=GD-PPLS,design_printing=Professional picture Photography|sku=GD-PPC,design_printing=Professional Picture|sku=GD-PPLSG,design_printing=Professional picture Photography Group"
refil_bronzer_color,Refill Bronzer,"sku=C-B191R,refill_bronzer_color=Refil - B191 PPowder Bronzer 191|sku=C-DBLR,refill_bronzer_color=Refill - Duo Bronzer Light Half Moon|sku=C-DBDR,refill_bronzer_color=Refill - Duo Bronzer Dark Half Moon|sku=C-B20R,refill_bronzer_color=Refill - B20 PPowder Bronzer 20|sku=C-B194R,refill_bronzer_color=Refill - Bronzer 194 - 10g|sku=C-B193R,refill_bronzer_color=Refill - B193 PPowder Bronzer 193"
sheerglo_compact_color,Sheer Glow - Compact,"sku=C-SGCPC,sheerglo_color=Compact - Sheer Glo Crushed Pearl PP|sku=C-SGSKC,sheerglo_color=Compact - Sheer Glo Sun Kiss PP|sku=C-SGRGC,sheerglo_color=Compact - Sheer Glow -Rusty gold C|sku=C-SGPLC,sheerglo_color=Compact - Sheer Glow -Platinum C|sku=C-SGPIC,sheerglo_color=Compact - Sheer Glo - Pearl Intense Dark PP|sku=C-SGPC,sheerglo_color=Compact - Sheer Glow -Pearl C"
sheerglo_refill_color,Sheer Glow - Refill,"sku=C-SGCPR,sheerglorefill_color=Refill - Sheer Glo Crushed Pearl PP|sku=C-SGPIR,sheerglorefill_color=Refill - Sheer Glo - Pearl Intense Dark PP|sku=C-SGPLR,sheerglorefill_color=Refill - Sheer Glow -Platinum C|sku=C-SGRGR,sheerglorefill_color=Refilll - Sheer Glow -Rusty gold C|sku=C-SGPR,sheerglorefill_color=Refill - Sheer Glow -Pearl C|sku=C-SGSKR,sheerglorefill_color=Refill - Sheer Glo Sun Kiss PP"
SPV,Skin Perfecting Veil,"sku=C-SPVA,spv=Almond|sku=C-SPVL,spv=Light|sku=C-SPVM,spv=Medium|sku=C-SPVC,spv=Clear|sku=C-SPVAM,spv=Amber"
wd_dual_foundation,WD Dual Foundation,"sku=C-WD211-STNDP,face_colours=WD - Medium Light Porcelain|sku=C-WD200-STNDP,face_colours=WD - Extra Light Porcelain|sku=C-WD253-STNDP,face_colours=WD - Medium Tan|sku=C-WD205-STNDP,face_colours=WD - Mocha|sku=C-WD210-STNDP,face_colours=WD - Congac|sku=C-WD252-STNDP,face_colours=WD - Medium Ivory|sku=C-WD204-STNDP,face_colours=WD - Dark Tan|sku=C-WD257-STNDP,face_colours=WD - Honey Chesnut|sku=C-WD209-STNDP,face_colours=WD - Amber|sku=C-WD251-STNDP,face_colours=WD - Ivory|sku=C-WD203-STNDP,face_colours=WD - Medium Beige|sku=C-WD256-STNDP,face_colours=WD - Golden Honey|sku=C-WD208-STNDP,face_colours=WD - Coffee Bean|sku=C-WD250-STNDP,face_colours=WD - Light Ivory|sku=C-WD202-STNDP,face_colours=WD - Porcelain|sku=C-WD255-STNDP,face_colours=WD - Almond|sku=C-WD207-STNDP,face_colours=WD - Caramel|sku=C-WD212-STNDP,face_colours=WD - Medium Porcelian|sku=C-WD201-STNDP,face_colours=WD - Light Porcelian|sku=C-WD254-STNDP,face_colours=WD - Tang|sku=C-WD206-STNDP,face_colours=WD - Ebony"
WD_Foundation_Refill,Dual Powder Foundation Refill,"sku=C-WD256R,wd_foundation_refill=Golden Honey|sku=C-WD203R,wd_foundation_refill=Medium Beige|sku=C-WD211R,wd_foundation_refill=Medium Light Porcelian|sku=C-WD209R,wd_foundation_refill=Amber|sku=C-WD255R,wd_foundation_refill=Almond|sku=C-WD207R,wd_foundation_refill=Caramel|sku=C-WD210R,wd_foundation_refill=Congac|sku=C-WD202R,wd_foundation_refill=Porcelain|sku=C-WD253R,wd_foundation_refill=Medium Tan|sku=C-WD204R,wd_foundation_refill=Dark Tan|sku=C-WD200R,wd_foundation_refill=Extra Light Porcelain|sku=C-WD208R,wd_foundation_refill=Coffee Bean|sku=C-WD252R,wd_foundation_refill=Medium Ivory|sku=C-WD254R,wd_foundation_refill=Tan|sku=C-WD201R,wd_foundation_refill=Light Porcelain|sku=C-WD206R,wd_foundation_refill=Ebony|sku=C-WD251R,wd_foundation_refill=Ivory|sku=C-WD257R,wd_foundation_refill=Honey Chesnut|sku=C-WD205R,wd_foundation_refill=Mocha|sku=C-WD250R,wd_foundation_refill=Light Ivory|sku=C-WD212R,wd_foundation_refill=Medium Porcelain"
